x1,x2,x3,x4,x5,x6,y
0.0941651290606233,-0.6118117609441812,-0.4222754183227727,-0.1776353320159233,0.6788745744356974,0.8990413437576777,2.5376406906672906
-0.7676346942125427,-0.1890888971051684,0.4607629863974991,-0.08414705923875188,-1.0,-0.8961637802717364,-0.7344073259954059
0.746718767144797,-0.31599608095994014,-1.0,-0.11445033910711977,0.6239288593925865,0.285656242682306,-2.0667081693903455
0.9551068469793684,0.7115911721040928,1.0,1.0,1.0,-0.7923656204109517,-3.5690395606410963
-1.0,-0.04632128480713338,0.7680654705839227,-1.0,0.25164570907812056,0.3111377083022964,-1.666365076887659
0.24995046979205715,0.26792796397831453,0.4595613427017349,1.0,-0.010796799914122359,0.5722787925789152,0.35749265787085527
-0.39658222505286966,0.9683245209767586,-1.0,0.23464169697943388,-0.33363520125260554,-1.0,5.858238792814881
-0.27905635696654163,1.0,-1.0,-1.0,-0.8881919883376611,1.0,14.89394041747373
-0.29658642296808235,-0.5393092066389336,-1.0,-0.017338741744840735,-0.30441763936596056,-0.8511846251403736,2.1565852608976335
0.008157751925597284,-0.6285928338074019,1.0,-0.1602835863743542,-0.2529054462210228,0.7280312925066141,-1.5073315387782082
-0.26357607797936544,-0.27753908886050555,-1.0,0.8887667575490098,-0.5079231552740043,1.0,5.108252208081911
-1.0,-0.9091949609500853,-0.686152057039207,-1.0,0.5935060563713346,1.0,-0.5536457913232394
0.22867029236498682,1.0,1.0,1.0,-1.0,-0.3395098947583891,1.0633680995946855
-1.0,-1.0,-0.03373013418253201,-1.0,-1.0,-0.2418849764234534,2.8497830377366196
-0.07781034804196796,-1.0,-0.32660676166857266,-0.3894647967286372,-0.975304118375924,-0.39936197072532825,0.8875288067862274
-1.0,-1.0,-0.8592231155755541,-1.0,-0.4804092848478053,-1.0,2.6279693158689432
-0.808731607418248,-0.4149958501091596,1.0,-0.2357021440021952,-0.11738394665281038,0.12283241384020527,-0.6813594420131676
0.31179464174931937,0.47848602101221505,0.6511755901279728,-0.312118179234617,1.0,1.0,1.7863025561514514
-1.0,-0.9407306093647907,-1.0,0.3460748532927522,-0.16098264116088978,0.40256617242559134,-4.389561260489881
0.1904394232502652,0.09141819670449469,1.0,-0.6943160786278628,0.7519037348029458,1.0,-2.1040659189035242
-0.16538734788117887,-1.0,-0.3138325944853265,-0.9123104149220224,0.9327040494611186,0.2324785194381802,-0.38250360079366874
-0.7715950340291773,-1.0,-1.0,-1.0,-1.0,-0.02236830518737465,-1.773109649969562
0.9259591549138894,0.6882097752810752,1.0,1.0,1.0,0.23748649098742525,-7.094240136717283
-1.0,-1.0,-1.0,-0.018912548442969745,-0.35750995944018127,0.22900256577700784,-4.596746311198395
0.3669271928047999,-0.6343252848405694,-0.21249815106929593,0.06662548759905518,-0.8742877885516763,0.5766810440870168,1.6609200305819571
0.05460653625500189,-0.0013974327023696942,-0.41913471352695186,0.32678476703290277,1.0,0.6811285922875032,2.3646712679736144
0.9445208887369383,0.06939634892433072,0.3690840568029994,1.0,0.43728407975080497,0.30577823381739044,-1.805311839089838
-0.5723640589262401,-0.108782131195584,0.3136161067712669,0.9301517164455557,-0.5249177210918031,-1.0,2.2890724412158585
0.7059606250400561,-0.19746946555942302,-1.0,-0.878619204125704,0.8089404230583772,1.0,0.819567556917167
-1.0,0.009558736831958625,-0.3001245364140792,-0.2834933169360787,-0.32307788638579754,0.9403376069909267,1.9399604431963025
-0.46691269075124425,-0.5406777181032065,0.5019892794414418,1.0,1.0,0.8958337037070706,3.368435981370606
0.4409660703424052,0.7261574289038659,0.7658483303016907,1.0,-0.2094224927476135,-1.0,2.9985565970371253
0.18356780635879727,-1.0,0.04256330494205263,0.513052888749511,-0.0956329861978491,-0.6037164192317268,1.8209804620101973
-0.3902998016658761,-0.06249513567368292,0.400361740198129,0.3483556116576889,0.924767503654236,-0.7334282362192504,2.2082887493188537
0.1783737467841945,0.0887225366043427,1.0,1.0,-1.0,0.35542354624822714,-1.8028846442645414
1.0,1.0,1.0,0.103953714900759,0.456684234141453,-1.0,-1.7392668884924563
0.7968888411067152,1.0,0.47307613840783325,0.7193654345354408,-0.11212890192089459,0.752650637513138,0.7329052494882057
-1.0,-0.9189124089018393,0.0916459324892378,-0.1937688165429603,-0.28279457153214405,-1.0,3.8456214421754384
0.4470440189447299,-0.3352338873086182,0.5013962398245322,-0.23352070657510937,0.46413148651558717,-0.5760394914996324,0.49599283037499775
0.07055655996212445,-0.4617446794096187,-1.0,-0.9676365797407779,-0.9154876278147295,-1.0,3.733728861661882
-0.06169120037866671,-0.40339244630293275,-0.6158326347284078,1.0,-0.29299963170085186,0.4345026242552883,1.2647854960721494
1.0,0.5138125382525218,1.0,0.012950516728862382,-0.4521326253215735,-0.1042538886000719,1.0980280330284857
0.784788389378871,1.0,1.0,0.4959118182050979,-0.7013054521136578,-0.739296497105543,2.241159415373533
-1.0,0.06389577595153717,-0.5170724847669455,-1.0,0.6684657097636633,-0.6005719428738314,3.5524537972838797
1.0,1.0,1.0,1.0,-0.5219991529974913,1.0,-1.3280935954710587
-0.38415018115525734,-0.9439627337638185,1.0,-0.48620251140834636,-0.06333219542888169,-0.8337229288137689,5.820645201392703
-1.0,-1.0,-0.10590701260716473,-0.8387330413467455,-0.3789351769258833,0.18784196686484145,-2.799116433200362
-1.0,-1.0,-0.7898156286966738,-1.0,-0.32876209877157336,-0.2300704136280417,-3.9853209570390087
0.6638460157745729,1.0,0.469358892136035,0.6883397128168456,-1.0,-1.0,5.72316689917343
-1.0,-1.0,-1.0,-0.6006251235477249,0.03361753865874395,0.52304542619379,-4.449508812319002
-0.7386338192121386,-0.17484631901251446,-0.1863294150321709,0.23916573335480906,-0.8564728530550796,-1.0,0.05092064141757401
-0.7886102613865263,-1.0,-0.2519556687864539,-1.0,-1.0,-1.0,5.989217625611404
0.32018876150998454,-0.860752912492182,-0.5501395106944846,-0.3362707217839829,1.0,0.8659207196415444,0.07819144813851497
0.5901580914299538,0.2481418204668332,-0.627715316342043,-1.0,1.0,0.41851538729643767,0.5638601508272154
0.2483472240030551,1.0,0.07890722694007879,0.921061267321791,1.0,1.0,1.8403783383635952
-0.6419784193833215,-1.0,-1.0,-1.0,0.2818317605068632,0.5031288651922802,-5.459190717755224
1.0,0.6586855711513802,0.3097408642870343,0.9660928387286799,1.0,1.0,-0.11753310176885523
-0.6020048852487955,0.5601382127804947,-1.0,-0.880086407877005,-0.14072141371277636,0.04812868526430708,0.20958156702361064
-0.41993038395597126,-0.24460220755818388,0.6500017633271158,0.19476040431727573,0.10008181711855957,0.8112418862768369,-0.21125814021201983
0.39143482555421416,0.27456493803225235,-0.06385858172780201,1.0,1.0,0.12133075478452593,-0.19074518817288874
-1.0,-0.6332828475989289,-1.0,-0.19196950739542706,-0.0730204173619467,1.0,4.61558736786052
1.0,1.0,1.0,0.29777139992118884,0.3296167368108276,-0.16441344989016127,-2.88515232079724
1.0,1.0,0.2208946103465369,0.3838822260663497,-1.0,-0.7572131750535995,4.861874314998848
0.313771791409626,-0.13603686312647906,0.06668110999884772,-0.8914392564429554,-1.0,-0.12300260338504532,2.352690197342513
-0.9044716298910602,-1.0,0.004709018506011686,-0.37085925251589646,-0.7413144798674733,0.20569288022131657,-0.9639631843453241
-0.03706915200861721,0.31768920816121304,0.041441384130223524,0.4570394698874477,-1.0,-1.0,1.399228819290545
0.973190369016439,-0.9861006021544307,0.411595725893539,0.4785046267125485,-1.0,0.05396182499677715,6.478852579474124
0.9558611475034944,0.28565395643402725,0.46815276030522446,0.13547765375584597,0.3849581015111385,-0.3559565584306584,-0.0183970319251473
0.6541788998021918,1.0,-0.431748612363838,-0.07205086803136518,1.0,0.12002981445372213,0.9218077357283669
-1.0,-0.7959451979500642,-0.628023597928768,-0.4983949300252435,0.17586319237442638,0.4767565595886011,-1.046673998420787
1.0,-0.6018090167499525,0.7287761064783065,-0.10438665359294663,1.0,0.2711655890808681,-3.9561943680048226
0.16102197046397584,0.1028573832755526,-0.6438627697056418,-1.0,-0.5152678019433088,0.9692714107675826,5.442726998310086
-1.0,-0.6612153428741887,-0.6420338386426606,0.2790790350184544,1.0,0.5532894133066308,0.22678021935065185
0.779341044672863,0.024974914640616075,0.014073404958873992,0.849247088830937,0.6019715057999266,-0.09870147366554394,-0.9118611580045739
0.44430329229196747,0.6941390968836918,1.0,1.0,0.4076411420353505,1.0,-4.475497169753316
-0.6107686819589585,-0.33595055851271893,-0.8754207912778612,-0.6311551105746799,1.0,0.9256211535229304,5.7375250282362416
0.17242355583773528,0.10255637935964335,1.0,-0.4849980315537308,0.7209219896376428,-0.02300343773538592,-0.795209825939842
0.2205661519851611,0.5045186056161417,-0.6039341928814047,-0.696061158062341,-0.2408979919314977,0.6236054423625196,3.1117560616523825
0.8987996107347676,-0.29435888276316247,0.12391973316441035,0.6693842181270345,0.36356564437649386,1.0,1.5959122160652552
-0.6887018490146348,-0.4386598367575665,-1.0,-1.0,-0.4749402207143738,0.2906862947040539,-1.7128510053259658
1.0,0.8743220377415608,-0.9310800947885369,-0.04181986205006559,-0.4992855123379567,0.16796677294659634,3.2032123896088907
-0.8251968571388046,-1.0,-0.9184354454907044,-0.7192861591762926,1.0,0.07054853853127985,-4.302126464555672
1.0,0.6820404390187678,-0.4258539691480358,1.0,0.5484218811304293,0.4251265494048988,-1.808389237775827
1.0,1.0,1.0,1.0,-0.0050746788139270915,-0.6884940242206541,1.041936743049925
-0.8043526112995266,-0.659552486244656,-0.21481445203256488,-1.0,1.0,0.9471083456999219,4.571423845017782
-0.7117439866582383,0.21473654207986037,-0.12436609095653606,0.18513121851552047,-0.36882895947886274,1.0,1.2754220473416142
0.5549232645147688,0.5691525964027433,0.8154273048840761,1.0,1.0,1.0,-2.069395558603497
-0.2640229222043726,-1.0,-0.03335059522051731,-1.0,0.4181926875860151,0.3323861633138181,-1.9465134790393335
-0.28532617603341504,-1.0,-1.0,-0.34750346404931065,-0.6831510382618508,-0.7041810770194662,0.32962532367243425
1.0,0.6088063227925791,1.0,1.0,1.0,0.6921869543936858,-8.053372457085437
-0.3919065381084226,-1.0,-1.0,0.6534032908750673,1.0,1.0,4.92039562304853
-1.0,-0.2927186259377732,-0.6644391118300739,-0.04552474065723788,0.44598930495100175,0.009709613308385379,0.5238871504839138
-0.4638098101725112,-1.0,-0.7162556284401354,0.3534221377344824,-1.0,-0.9726581025338767,-0.32120452530958354
-0.7374709002341282,-0.8130421261935923,-0.8794222465467962,-1.0,0.8277200854226094,0.8484048908620885,-0.28188206155064277
0.35297151513789193,0.7946396563712391,0.7127783002685231,-0.21919462100097736,0.4103741781437613,0.1551799198898875,-1.7066220325262127
-1.0,-1.0,0.7600231145968902,-1.0,-0.15698428492707217,-0.948418887335255,5.418805690585928
-0.436038869045978,-0.6263832548119427,0.2555870924138768,-0.9817408166817565,-0.026285125923260155,-0.7914361356668294,2.799332342255048
-0.5957854363230115,-0.3538093829368178,0.9687741476404864,0.6369093610499831,0.9057813891433704,1.0,1.2467191660320758
-1.0,-1.0,-1.0,-0.5113280295487477,1.0,0.2672582246345897,-5.953934721865942
0.556026987999424,0.40845969783448854,0.4519539421818064,0.9394669955014137,-0.07982317401495465,1.0,2.1039109808853507
-0.41731830927426905,-1.0,-0.6470322120709222,-0.2352773457881578,-1.0,-0.7089773319039673,-0.388325969083951
-1.0,0.062203486411977815,0.2537883051541433,-1.0,-1.0,-1.0,-0.7140049238202231
-1.0,-0.05231695988821872,0.5582564779631297,0.2801621767950329,0.4192940216387273,0.5773553036786787,-0.12188752191961556
-0.4789680915578739,1.0,0.9844618881585951,-0.029188554096732433,1.0,0.3203791530329323,-2.849657209154727
0.7747849202914638,-0.8529775764670288,0.7554366547069505,0.680783110747595,-0.7844890176195194,-0.08680946478680174,4.975024130054656
0.6132925180130904,1.0,0.949327950645718,0.40114874703428693,0.1834916563716313,0.9865516281101949,-3.116263043011922
0.4471850999946383,-0.02910982440837118,-0.411617663743137,0.02717830656989878,-0.7036199593090502,-0.4036175641313765,1.1747037510343645
1.0,0.6172880679722215,-0.8358955979223877,0.41509706610886066,0.5941469331764663,1.0,2.183828353553581
1.0,0.6824554946254524,1.0,-0.18538515810499795,-1.0,1.0,4.285847255294101
1.0,0.20614768647292525,0.31432667192730845,1.0,-0.007231220378650288,-0.5303831008972439,1.2339539336209344
0.832378422629028,-0.1745411307496043,0.008861636388081906,0.982506727542568,-0.1424101729479782,-0.620435791684723,1.1343477822058148
1.0,1.0,1.0,1.0,-0.1874887766094325,0.12080207954842448,-1.6942698339962237
0.45507422312130863,-0.2981015686703914,-0.8011628536726174,0.5821370875065464,-0.35406807119280037,-9.03560308023188e-05,1.13089871719512
-0.6933835982373725,-1.0,-1.0,-0.21540094759161582,0.7331444523777961,1.0,3.6898734561180087
-1.0,-0.8594949245281552,-0.2987148108431754,0.29833377987284365,-1.0,-1.0,-1.1305311269405114
0.19359494890829076,1.0,-1.0,-1.0,-1.0,0.49667842172258075,7.715792684004979
1.0,0.9108661463098088,0.09389464466228892,0.012436302290188994,0.02309671576407557,0.9169972527356498,2.852560405101109
0.8820523958795117,-0.1120211778990434,1.0,-1.0,-0.47770526890541976,0.6399500367720423,-0.08826613831574665
0.04656693793488692,1.0,-0.03946465817543815,-0.03876685570318078,0.005047726042941902,-0.9682035515097186,1.8798566933851097
1.0,1.0,0.36517160871244747,0.46010321644429264,-1.0,-1.0,7.406798137693462
0.3909566285373346,-0.004097900460799275,-0.4940380543853141,-0.07852427528004191,-0.3245350841259376,-1.0,2.901285749599938
-0.39862415546127344,0.045897512265716645,-0.38602108564235604,0.1358708423469157,-1.0,1.0,3.0841240812462907
-1.0,-1.0,-0.04650702581462851,-1.0,0.023535840465040758,0.5259628111711103,-4.636053644461389
-0.39155466856027976,-1.0,-1.0,-0.8057120907813995,-1.0,-1.0,4.261988192186729
-0.010038076181371813,-0.9258373156093421,-1.0,-0.4540932077163127,-1.0,-0.7522303768052832,0.9257902156993421
0.3374289915757854,-1.0,-0.1633578068117068,-0.7798790552179191,-0.4796316952957629,0.3419952790133276,1.0476338424244964
-1.0,-0.17561734612287538,-0.5421327724461713,-0.639203660535556,1.0,0.10931349750519481,1.1153864784548537
-1.0,0.003108214604105486,-1.0,-1.0,1.0,0.32364868916011247,1.2355018936017408
0.5307489025782934,1.0,-0.42152299821620576,0.2507044529236164,0.011064699401973188,0.0214425250240698,0.9463464611286774
1.0,1.0,0.785072481261647,0.40112887038443407,1.0,0.18572638057469193,-4.812199650372219
-0.052352982564384365,0.08906764962561042,1.0,0.15281152398322506,-0.41767039598272915,-0.48613209462930024,0.10192544827594674
0.9489644418320737,-1.0,-0.2623892683447299,-1.0,-0.18540371180620596,-1.0,8.350763676707833
-0.8494929022348412,-0.7730394234242952,-0.28947994629478935,-1.0,-1.0,1.0,3.1485808872261414
0.7036596681247514,0.27302626095591526,1.0,0.5214224627759652,-0.4540257118403419,-1.0,3.8565123141218858
0.16740292166762283,0.9022454524571386,-0.2536838930384365,-1.0,0.2662281655279396,-0.647636716005263,-0.8960234120648362
0.5015585382001063,0.3256189228534188,0.4206055146798467,0.2894379940344944,-1.0,-1.0,3.8186709934729857
-0.3813967154308234,-1.0,-0.6963157767737466,-0.45295363806250893,1.0,-0.04471059325110183,-1.5831821076560182
-1.0,-1.0,0.7949678177171586,-0.2692803042714018,0.3462148219271083,0.4617165913168224,1.2098428405988206
0.21576814889859375,0.6741599696426783,0.01629515902659092,1.0,1.0,0.17939611924524257,0.5747975141658657
1.0,1.0,1.0,0.6769184941184452,0.27258980779009406,-0.009980521369589088,-2.722173955120865
-0.4363115978722428,-0.7004884500693701,0.6361210544515405,-0.24923219816091607,0.5114142636055716,0.5484837607323532,0.15162486343438375
0.7341784709394316,-0.3072168104536763,1.0,1.0,0.08627444319895305,-0.6898438448353825,-0.5010654963436625
1.0,0.05609212043111711,0.053278934498828756,-0.15770063470044027,0.3819093103108103,0.805858689173794,-0.5532698349536492
-0.14194622194387185,-1.0,-1.0,-1.0,0.0829119647524812,-1.0,1.991932444193056
1.0,1.0,0.8951265003560549,-0.17408390142008962,-1.0,0.7612095183855634,1.1899669871159988
-0.9674190729105725,-0.18825044597822882,-1.0,-0.9302443341966602,-0.6848295122948294,-0.16129732634900507,-2.4250097971070046
1.0,1.0,0.45237594803040393,0.4471395026858924,-1.0,1.0,5.8923718493542045
-0.7791121946027714,-0.45978085812990954,-0.6592838187301158,0.26405070011759907,-0.35409175169199847,-1.0,3.299721792663612
0.15546036670307112,0.826788524013671,0.23185960568431613,0.08440529961252119,0.41560115267952513,1.0,3.260044980541598
-0.20597375011330454,-0.15325771467710392,-0.45396983296308296,-0.9458919092233672,-0.0293627837305247,-0.1947508112389944,-0.3741979323793281
0.29535608846297956,0.7958066452249777,1.0,0.3728723285560407,0.5155577961765657,-0.1366521667832188,-1.5866031791884367
-0.46992541479442407,0.022392870302786916,0.45087490551595955,1.0,-0.15202366398511719,0.018497099713078946,-0.07263262694149447
1.0,1.0,0.38372342789867614,0.9816416376192696,-0.965456629446993,-1.0,11.64779089378129
-0.7397363825461882,-1.0,-1.0,-1.0,-0.18417590821039442,-1.0,2.572808867883716
-1.0,0.041106924852722604,-0.8614194236809001,-0.9616872865240459,0.6610530757403119,1.0,6.53079218262367
0.11617308102448887,-0.10828554170302618,-0.7616777044908245,0.14290462896027692,-0.4711306653050915,-1.0,2.1817878376598747
-1.0,-0.8029476838417937,-1.0,-0.0779580625348355,-0.06130597961024853,-0.6042888116592542,-0.20322988039291856
0.7581706133899286,1.0,0.1831533472699891,0.7136846849453811,-0.46317736838034484,0.0889562139689205,1.3041448497424568
0.6785397177089776,-0.1908541896022956,-1.0,0.32540004451822113,-0.2067152162260198,-1.0,2.482171000879069
1.0,0.5338332691965917,0.04315494559744604,0.6094137381866538,0.554440289739862,1.0,1.0600837576665054
-0.055938549463179665,0.13870770031322766,-1.0,0.14587885777604204,1.0,1.0,7.900269521382326
0.8759586704478042,1.0,0.5568570467404206,1.0,-1.0,-0.7120217768834544,7.217660465298703
-0.5886248053420594,-1.0,-1.0,-0.7741436138683931,-0.5484998851394084,-1.0,3.070396543369066
-1.0,-1.0,-0.8067571990554361,-1.0,-0.21182854731473122,-0.5104393788880621,-2.6806822171579774
-1.0,-0.7745706624862884,-0.6033891360186672,0.5795876503752114,1.0,0.2818827974102014,0.34881531450450853
-1.0,-0.16076515625911925,-1.0,-0.166133754693163,0.5045312346636583,-1.0,6.3338635088311666
-1.0,0.2744188108864005,-1.0,-0.15339351283457897,1.0,0.044949796966052724,-0.36337470821779005
0.11038995407663044,1.0,1.0,1.0,-0.955182925449406,-1.0,1.8735830113019944
-1.0,-0.6985863740544573,-0.7055360966109605,-1.0,0.00962469452604503,-0.5823202435084665,0.27505351045703974
-0.4873428900394191,-0.2625769022643422,0.2727380793926445,0.19508529594503315,1.0,1.0,4.936668179671636
-0.258663492118832,-1.0,-0.9217478874192526,-0.9059110150542629,-0.38566890712503005,0.1185269562107128,-3.1448731682240636
-0.8563847864631685,-0.44242135676755323,-1.0,-1.0,1.0,-0.21742231751040741,-1.1626543609259035
0.4041825216644495,-0.8101652224123512,0.4113603444034104,-1.0,1.0,1.0,0.07178933169401824
-0.6510781873426859,-0.5179265442410881,-0.3597466764817605,-1.0,-0.08037260573519411,0.12542312215895063,-1.0525260693133878
-0.7273668963793998,-1.0,-0.40184004851336663,-0.9378855532593064,0.8737519813062984,-0.8877161942964029,4.072006306534602
-0.4017203521644164,0.3101782897188514,-0.16809158167988086,-0.7492894320485918,0.642684846973259,-0.6739042784463654,1.7186244073236465
0.5857096262482302,-0.15713219362736844,0.10851959707274506,0.27777535695612077,-0.3896592217610728,-0.7308219274068579,3.095507199319517
-0.37895386932307784,0.38149664383170323,-0.2607635065271298,0.5654042430717594,0.37240537021814113,-1.0,2.792368762889095
-1.0,-0.7683082867704407,-1.0,-1.0,-0.5590689660870599,0.28806175787288135,-3.968922913057018
1.0,1.0,0.8371041224790384,1.0,1.0,-0.9164693519245856,-4.920417164241093
1.0,0.8609856738661765,1.0,0.7435475609195754,0.41093470433259405,1.0,-6.403374899084066
-0.32131050697638774,0.32601046205214473,1.0,0.4246373797581706,0.8340196899302026,1.0,-0.8894720308009398
-1.0,-1.0,-0.7087554544385777,-1.0,-1.0,-0.5094904535373168,0.7046364533545751
0.019044011267966704,-0.7371816470275184,-0.42271371228240484,0.5691380352461878,0.16057549681604566,0.1551625279818449,-1.282403678542833
0.006056607115232704,0.71979359224142,0.1494347615179077,1.0,-0.8377161983608525,-1.0,4.74229677571791
1.0,-0.6054661032474639,1.0,0.8552065375463347,-0.7883619818638844,0.5894370058705746,3.9764086053052505
0.24535646019813362,-0.1886871295142973,-0.6783583519800286,-1.0,-0.3006146134065095,-1.0,2.0108844002945756
1.0,0.007562041432248534,0.20480845134249545,-0.23085999995298107,0.7118012824983067,1.0,-0.8676763446738849
1.0,0.022359759490699904,0.6384223064529825,0.6339399724644729,-0.47802987663962493,-0.8028068633779749,6.0934271317654165
1.0,0.5640087892259094,1.0,0.918866837805062,0.3117659793795301,-0.36845214176340574,-1.6452325036891469
0.5408067287376663,1.0,-0.4817932840050796,1.0,-1.0,-0.6680619086969449,6.268052040407119
0.7874022273726922,1.0,0.34810650230357587,1.0,0.22578476456982827,-1.0,4.26420208695058
-0.18190234768689045,-0.7644291780336399,-0.4979781880109069,0.008043412510444825,0.7733774986587003,-0.5368462997663508,0.2203919574591955
1.0,0.5682292566050783,0.44470816702689187,0.21000030310412943,-0.32338327046340043,-0.41739727039789876,1.624518792265855
0.35390928708477787,1.0,-1.0,0.30381889163433473,0.14318176910629887,1.0,7.986578127095969
0.7648552305688525,0.8197018722689251,0.7956987829736557,-0.5198719841650075,-0.9338524859650779,-0.5780412898214842,1.4660552879929722
0.11507450462497215,0.750063681967299,1.0,1.0,-0.9358683804030901,-0.8581198068331808,2.256373892315436
1.0,1.0,0.8045842411996299,0.07612342271451245,-0.4153497915831137,-1.0,3.6292374716477402
1.0,1.0,0.17753046880997103,1.0,0.4548153362824582,0.698457385340491,-1.4152144912231968
0.14044785662256432,-0.05570066391865136,-0.26097203062239305,0.33033415155093393,-1.0,-1.0,1.9652654664412448
1.0,1.0,0.495195332072617,0.8533981912840649,-1.0,-0.637458118596548,6.1574930698776456
1.0,-0.027196165199442457,0.5334337719978034,0.7916562853241356,-1.0,-1.0,9.01738888824992
0.8211675634230025,1.0,1.0,0.7902141614918523,0.0964813519532686,-0.41835143403842046,-1.1174718414811893
-0.4274233715723478,0.3675981538538832,-1.0,-0.7149537314637552,-1.0,0.45031056880726195,0.7344011500854704
-1.0,-1.0,-0.5050794502306246,-1.0,0.5199271433807132,-0.32616614416536327,-1.335180620572152
-0.07942103530322753,0.7280733508566783,0.9136297520046897,-1.0,-0.7756962946181982,-0.5082907902111,-0.3712210121755082
-0.3519872604155826,-0.5918487174981977,-0.3686862864147396,0.6428187068202766,1.0,0.13521887286506362,0.31702946490746564
-1.0,-0.4168947025039651,-1.0,-0.19342172253295553,-0.49859514743382893,0.5987505122294565,-0.4066467048227265
1.0,0.9215487333274798,0.6577517337684093,-0.4102439125694121,0.01719578896010865,0.3572388048482906,-1.9329043822180876
1.0,0.10593575718931708,-0.8976036466276344,0.9863520186402289,1.0,0.4353393125170877,-3.781993800219742
-0.15536350784684083,-0.2908225247180609,-0.22534297408502024,-0.021240524283046458,0.14973045215681405,0.4027423147258318,0.34164887950012274
-0.7343668614628203,0.485206343652237,-0.11219688358642466,0.010820911209132533,1.0,0.5596709814656892,3.347103067158108
1.0,0.43037777832173574,0.2609490958979199,1.0,0.8797519425442294,0.6514616791278498,-2.526747522431514
1.0,0.9329322190927516,0.11323342872883657,0.3245709211273722,-0.19103325731162124,-1.0,5.468709708757815
-0.6834830086796362,-0.23380731346307781,0.5850202186444005,-0.8264763753932296,0.12351823767387016,-0.5461248875660435,0.7755095001469202
-0.8596427443246768,-1.0,0.11389544262463702,-1.0,-0.10130631198044315,0.3148037866853793,-3.0871651411145464
-0.9872173099634145,0.03058460030654353,-0.2427296789707429,-0.22898152003358907,0.9695403363511192,-0.5907951341673605,4.155886159495138
0.3571695815336572,-0.7360817363533255,-0.08422834370994836,-0.4051128835762463,-1.0,-0.44219876977609496,4.134660814603626
-0.19964029538909606,1.0,-0.07672189076770641,-0.2891131051608001,-1.0,0.9448924662246834,4.641419577075357
-0.24615940823514426,-1.0,-0.8123108913189536,-0.9722209049276985,-0.03820609255590579,-0.307126741881629,-2.3608084223411603
1.0,1.0,-0.07965090305397987,0.8484294083044122,0.9432053148927148,0.6209825320705491,-0.8149053329573547
-0.2498814931126819,0.5526518265462916,-0.14521121352491462,0.5028780410269008,-0.5878386254582957,0.011949323262404277,-0.02165897867066094
0.5628439477189784,1.0,-0.5566566027639773,0.9628568841850935,-0.2225233833960918,-0.550516232737909,3.3328619087677764
-0.566332843946682,-0.7351335516354538,-0.1709621485697638,-1.0,-1.0,-1.0,5.087288828814978
1.0,1.0,-0.6634497424214485,-0.02843229851958473,-0.5882495666536841,0.7926885017389022,6.680987417508758
0.896361895183639,0.7065075663767575,1.0,1.0,0.8476375207231945,0.14726633057027494,-5.600947032244846
0.7915406209381219,1.0,0.7694739096261359,0.881482400743023,1.0,1.0,-3.8011066814788133
0.5584858144982663,-1.0,-1.0,0.41894679246984795,0.4262908108294249,1.0,1.3692237110886218
-1.0,-0.1945254462408289,-0.3525997191150212,-1.0,0.3911561398971428,-0.3387654429892294,2.3317302207403294
-0.032087590523228626,-1.0,-0.21856894979414088,-1.0,0.10362386543223423,-0.260223898980803,0.43588112241556076
0.16262569122504505,0.04487592299488258,1.0,-1.0,-0.5748853743129081,-1.0,1.2511246952006676
0.01260796974167222,1.0,0.45450445762754277,0.5050303753537095,-1.0,-1.0,2.8390720432897005
0.06972365609880615,-0.07986277561344512,-1.0,0.6233859114741107,0.27784505095959844,-0.8978431816773608,1.237377790357634
-1.0,0.08053417710178024,0.7877380331026123,-0.17470486813390151,1.0,1.0,0.4975566241877747
0.008993555240559559,0.7143315822823509,-0.950494674461345,-1.0,0.39781931717521163,0.37715856261886227,2.111978599845853
-1.0,0.017320915901998468,-1.0,-1.0,1.0,-0.01899429925178253,-1.6520007928923957
-1.0,-0.9116643272103739,0.6458359312668089,-1.0,-1.0,0.4970060499351304,-0.9523434286794726
-1.0,-0.09325970196389251,0.9027154247251761,-1.0,-1.0,-1.0,-2.089794745601017
1.0,1.0,0.9145088605550831,-0.9752067009540004,-0.2708168594354379,-1.0,0.4089140823860599
-1.0,-1.0,-0.3795805353009356,-1.0,-1.0,-1.0,5.02734820323208
0.6728475332676991,1.0,1.0,1.0,-0.5041445875285051,-0.3055782736527024,0.041016048033194585
-1.0,0.30292806002407024,-1.0,-0.4298636512796975,-0.5019068945547873,-0.6481525773070111,-0.4663468715713885
0.4889178480625876,-0.26258227250444405,-0.8775019868966933,-0.09710443693039683,-1.0,0.4017258914207251,1.7636972058580431
-1.0,-1.0,-0.026541337087149897,-1.0,-0.42265660957744544,0.043954979343632294,-1.1611215904126708
-1.0,-0.5153387715402162,1.0,0.9234769037983495,0.6909141664618418,0.9843745698258214,-0.92438374275896
1.0,-0.5628641341564893,1.0,0.4648134433501362,-0.08789300821539114,0.698370808814102,-0.8919071683703833
0.3651161356619952,1.0,1.0,0.508155527477586,0.38578606238277124,0.9867044029559979,-4.503332758911336
-0.772683339405029,-1.0,1.0,-0.6913181882892103,-0.05260396759817687,-0.440652078015789,2.3478959640703287
-1.0,0.5784371663386083,-1.0,0.1867361391504092,0.7476040644897699,0.07090150157807851,1.4438054027968712
-1.0,-0.9806662335585352,-1.0,0.1402414561966281,0.4863083626817951,-0.25463865651580336,-4.058538815342984
1.0,0.9892180561548929,1.0,1.0,-0.3313669117657151,1.0,-2.7493956625576135
-1.0,-1.0,-0.5187638686917835,-1.0,-1.0,-0.7271337920636836,3.779806113210994
1.0,1.0,1.0,-0.018285664261071366,-1.0,-0.5744280373504835,2.666370007890888
0.8582006944674468,0.6539103201259413,-0.7119166999248105,0.8074453479805961,-0.3809709655410628,1.0,5.843111233121224
1.0,0.17048031824106236,0.48254637641633025,1.0,-0.27428118388887457,-0.094908519264579,-0.115399058304677
1.0,0.7898024475065287,0.1225726808503689,-0.365411789102846,-0.3632814390927747,0.2901267908741039,1.5294815855678678
0.8159742309966105,-0.8208128525036096,-0.10291165023936868,-0.2765747046424652,1.0,1.0,-2.357569934290334
-0.927255416523115,-1.0,-1.0,-1.0,-0.9982919936732485,-0.7830808447883881,2.794908259315159
0.7739887764292464,1.0,1.0,0.2674817226478494,1.0,1.0,-6.129648581773278
0.8555511082836937,0.8733756579939451,0.32542711409545,1.0,-0.8872551303184649,-1.0,9.45586612705895
-0.8875261467222917,0.2990935234083564,-0.01256866441622441,-0.42613256515568076,-0.3718136254370605,-0.6812142095886997,-0.12120904229201016
-0.30056265725178155,-0.4209989072953903,-0.7972640176120689,-1.0,0.585703544876458,0.2843912143971564,-1.13077003381002
1.0,1.0,0.9759280523839723,0.456631403368162,0.18026219838659885,0.08441679008867506,-3.377239099086178
-1.0,-1.0,-1.0,-1.0,1.0,0.8757438663846748,-3.0137291448527717
0.36014141433340874,-0.8264766237761875,-0.9475531744000768,-1.0,0.5032706228620968,1.0,-1.0830362618181735
-1.0,-1.0,-0.2638476895027043,-1.0,0.8344512409879297,0.9546521284695988,0.004983667098223007
-0.27706620353871936,-0.7629821100296655,-0.9775813228479304,-1.0,-0.29055976970720726,1.0,3.1646933555034664
0.541631037276537,-0.7045083738273347,0.05486152054219768,-1.0,-0.8426095759474637,-0.7432868213095513,7.820838597338051
-1.0,-0.7428707772826568,-0.9690763435266125,0.42902020846459654,0.9409970576760376,0.29063675281956025,-2.3908493291830015
-1.0,-0.7069125549895607,-1.0,0.07703241906379416,-1.0,-1.0,0.2629648848516729
-0.685334304530038,-0.7328917104391688,-0.7877749504984679,-1.0,-1.0,-1.0,4.226039630378379
1.0,-0.6991200521841912,0.7888473440373674,-0.11651382160557888,0.7076481834333932,0.7956888232312376,-4.314775266727864
0.01887185046876072,-0.20828893813442617,-0.018430247138740974,-0.7021494872146488,-0.4452177462930333,1.0,4.8620396884270844
-0.7224766787781083,0.9517823870795346,-0.5871172083880037,0.5208661017438242,-0.35709778711507484,-0.06927660514602536,0.21353633089159707
-0.34402376085903746,1.0,-0.3245873508006298,1.0,-0.8431282086542558,-1.0,4.787186684966151
-1.0,-0.5969897224947276,-0.3714441593976089,-0.6578213305015495,-0.023456231613443124,-0.21761355680057892,0.04019407512428155
-1.0,-0.30464622944334463,-0.5457806733531861,-0.5965207208511502,-0.3391726335496048,1.0,1.2535683073053456
-0.37637007338143014,-1.0,-1.0,-1.0,1.0,0.26430251011529315,-5.4818418399866555
-0.6570401799665535,1.0,-0.42120433152029335,-0.3572974943883873,0.5694848667326409,0.22598933302671043,2.2907977661136867
-0.571768175524715,-1.0,-1.0,-1.0,-0.5582498285917354,0.5204205536291993,-2.5214814212069605
0.4688873634038888,-0.6609897206909017,1.0,1.0,-0.7488058089334815,-0.36586299229019703,1.8539438501669814
1.0,0.7354961302569649,1.0,0.2394501381813574,0.23622001429939413,0.2045324090060815,-1.8480207696785047
0.2746788112712395,0.06740277606869616,0.9314185374541077,1.0,-1.0,-0.9775160260833156,1.9724676129547136
1.0,0.0949985296177952,0.585326394418481,0.5414553492667589,0.10085602154514695,-0.7734267516953339,2.672996201720506
0.477903930713814,-0.17741027479659105,1.0,0.027083641416577764,0.5872987587134839,0.0762686853253971,-1.4293375059670004
-0.8426451546012332,0.21469344164028142,-0.1487281852724244,-1.0,0.8080711461900079,-0.9744920841404651,5.42557040209286
1.0,1.0,-0.010992222681229125,1.0,-1.0,0.2729420065337115,6.003931566090154
-0.6246366969474043,-0.40129187188025195,0.8092435546760504,0.2259960848425192,-0.5353502295801159,1.0,-1.886327293922449
-0.40722062454860386,-0.8128199658392856,0.29211917226478584,0.31423177509514416,-0.7858520506219393,-1.0,2.6388017390186183
-0.7637726088425985,0.9277316680228609,0.17162294445168386,0.20582845437706998,-1.0,-0.5685340150257947,-1.70117914278059
-0.0757227830739085,0.5349675814164705,1.0,0.31721904822959307,0.6979840505252347,-1.0,0.9484835915237857
-0.7067361432036774,-0.3884003622625571,0.419491684042507,-0.4948431186868587,-0.45786615981228995,-0.893379750374451,1.6020513878206768
0.45988481787352997,1.0,1.0,1.0,1.0,0.44588893640797705,-7.304978079983921
0.2694767817034347,-0.659407502048126,-0.5994608469485978,0.12735610636920802,1.0,0.00876266596605535,-1.5596863326770023
0.9280695342487286,0.7147349592432782,1.0,0.9526713831079978,1.0,1.0,-8.109704931199666
-1.0,-0.9847870961384613,-0.11881558312677898,-1.0,-1.0,-1.0,6.258177385940963
1.0,1.0,-0.5850669718945386,1.0,-0.3049218152516683,-0.4506508951304824,5.254419957155796
0.9796341956013643,-0.694088423457385,0.003991278183899161,0.2553815745999661,0.7456010733328304,0.07292240333479627,-2.5139588284942365
0.23945406789698853,1.0,1.0,0.14188979389081946,0.42527905232022123,-0.8676880140049319,-1.7552917445185778
1.0,0.1679574467486138,-0.0028005350084362723,-1.0,-1.0,-0.25129415296862456,5.23595674100706
0.9056658997279567,-0.5076794381636537,-0.7068587033628817,0.21868213109893303,-1.0,-0.10063748743894307,3.4348465963561736
0.6967358423708789,1.0,1.0,0.2402746687749272,-1.0,-1.0,2.498317016814039
-1.0,-0.8757512945023775,-1.0,-1.0,0.0020385522985494897,0.008021977203492292,-5.534359373491824
0.23473010913378678,1.0,0.5286422908233188,1.0,-0.2535533829969178,0.4354759937008716,-0.7924665311601422
0.3040864550711905,0.21807001341185034,-0.4379150398572269,-0.3185706662853869,0.6439609149992211,0.7432475760167965,2.1415448424592105
1.0,1.0,-0.602023700396345,0.9245480026537614,0.3218835880295619,-0.10306580785035702,0.26325453809013366
1.0,-0.28697467799471943,0.5772368562439949,0.9704589536838045,0.6748073611762334,0.459015755563566,-2.409302246594973
1.0,1.0,1.0,0.15905932597404782,0.024054662841344526,0.7414716083213593,-3.879180756822216
0.8971833339280245,-0.5532508384363242,0.4288212285152738,1.0,1.0,0.6918645710306015,-1.1402079396847986
-0.5163493117542457,0.19536299500504725,1.0,-0.21772716220296978,0.17226969376289503,1.0,0.34825551298273993
0.05916950362439366,0.03668123067449608,-1.0,-0.9326016657640654,-0.05510065221841565,-1.0,1.3550986163855387
-0.7975851774435418,-0.07203826395131696,-0.7993511496593562,-0.1877119968526078,-0.8620264891798498,-1.0,0.5665868228454106
-0.8320112442721588,-0.03575721061498055,-1.0,-0.8227241889825727,-1.0,0.10180182483079525,-2.4047390474540276
1.0,1.0,0.7376593435561931,1.0,1.0,1.0,-5.806160591223498
1.0,-0.43803691294835534,1.0,0.3279961725331936,-0.564630131836708,-0.8461831098661056,6.350467412710274
1.0,1.0,0.10615453621121795,1.0,0.0020793319327525595,-0.6721040805572167,4.490233484511707
-0.7339438006310344,-1.0,0.7041577442419149,-0.043155052955380274,-0.4993807367347662,-0.02899071984344502,0.9259925766078846
1.0,-0.14543756012586087,0.535512753829224,-1.0,0.15228090876808498,0.031041884401014103,0.2993615583227415
-0.49443287599460706,-1.0,-0.1361130931294795,-0.8887944286600804,-0.4051365519777399,-1.0,3.9272147055877276
1.0,0.492552893565011,1.0,0.3821064774530756,1.0,-0.5150500992165575,-3.7045193408156134
0.44783156558249015,-0.6513713695946779,-1.0,-1.0,-1.0,-0.19504491984630418,3.91830362572623
-0.3521652401701715,1.0,0.6700189766924205,-0.7629935231373228,0.40980625139829807,0.6653999918211986,-0.6296734028055259
0.1827864860963182,-0.8671386943451893,0.727369748713147,-0.23925260130448744,0.31135354549432226,1.0,-0.1887332188027581
-0.8502110275052699,-1.0,-1.0,-0.7201247979936226,-0.00423653014897829,-0.33798337937060585,-3.763018870990069
-1.0,-1.0,-0.5204838626544137,-0.26302952782875466,0.9157671480743855,0.965206636287042,2.885101890324051
0.19910076992962167,-0.9639078289778708,0.15507412067714874,-0.9332399143408237,0.2823108851702596,-1.0,6.584247245608787
-0.48260773217347297,-0.7700852215352041,0.06391243730310808,-0.2057201156993531,-1.0,-1.0,1.8151400376581424
-0.8762452783331451,-1.0,-0.6559680430444608,-0.7029360088044125,0.502577851020902,0.537709405131819,-2.8188187243595704
-0.24288555334691986,-0.8373490611439036,-1.0,-1.0,1.0,1.0,1.2799552179201277
-1.0,-1.0,-0.3836058662438685,-1.0,0.16725601139115998,0.73709746537344,-2.759776711873127
0.2691904258330601,-0.043286397362236106,-1.0,-0.9296819849145782,-1.0,-0.8934780956141082,2.163378087356434
0.6058713467711283,0.7735656125627055,1.0,0.7014229141640509,1.0,0.6023427340549172,-5.266136030015544
1.0,0.5154428783550675,0.39038766569110994,1.0,0.5856472389394547,1.0,-0.24965512766328485
-0.20328060229275008,0.6382010570077635,0.5045581754922217,0.6139717610371547,-1.0,-0.8401106870242596,1.40288172462585
0.036840550065046634,-1.0,-1.0,-0.39028937986171197,-0.7247883314659076,0.3117180519044911,-1.1020290091559877
-1.0,-1.0,-1.0,-1.0,0.08873052749747279,0.6928845037459708,-6.34036811737088
1.0,0.09778849075668461,0.9577335640272722,0.42324649439043815,0.9111169608122265,1.0,-5.227265166254781
-1.0,-0.00427168597397537,-1.0,0.3155431456839519,0.40221178103982197,0.01740709476200053,-1.0821989962317355
0.13259969666173888,1.0,1.0,1.0,-0.3428688635053162,-1.0,0.7144670462747861
0.24648993784588302,0.04741461391361934,0.3685298956680766,-0.272620616628238,1.0,1.0,1.4565774639028781
0.7286342916402908,0.3472820772775907,0.011047370127895964,0.3965949083457958,1.0,0.48077419697810636,0.10204964969761599
-0.5063626095785475,0.29042373063571025,-1.0,0.33094636272572114,-0.5582377546258479,-0.45421235561149,-1.5312178651869564
-0.43296780678534824,1.0,-0.2565731576781225,1.0,-1.0,-1.0,4.515261513823703
-0.12519745300342877,0.41199136649037105,0.011373561347554267,0.1238879390857828,0.8885971091743012,1.0,4.456504880713224
-0.7942922736386331,-0.056551355061104314,-0.6838088479645343,-0.14632349916094256,-0.012628628274203968,1.0,5.040841554329783
-1.0,0.7416142362152152,-0.126903390152236,0.01744449719448149,1.0,-0.19342050262303456,4.653198068524583
0.5102250698810604,-1.0,-0.30791380011309566,1.0,-0.1232406971588268,-1.0,2.644614622763755
1.0,1.0,0.8082568292791801,1.0,0.28024339972106993,1.0,-4.35050903801028
-0.3484396778091816,-0.3450285233529522,0.09577171937712992,0.09061958318928431,-0.21742540196984006,0.4354972239596112,-0.6824667031600885
0.8496683021929762,1.0,-0.4823369083116599,-0.12118367623527082,0.9852813514879817,0.25258158381989393,0.8987663232271543
-0.10506590669297407,-0.3598867296272066,-0.5100803393376309,-0.5090927937683298,0.7490294146344514,0.7211291569637264,1.7807598427785627
-0.5751596052797179,0.4542089595670194,1.0,0.11454338122553098,0.06564849282149754,0.06505844895993917,-0.23534860812083497
-1.0,0.11706621485547886,-0.9182709077819924,0.6827276593071485,-0.3260691944327352,1.0,5.334779492684317
0.021639171514945987,1.0,0.0645679579889531,0.22504998463280668,0.36216123399640565,0.23928453558705276,2.3697618529684674
0.4591459360934975,-0.01942046884838483,-0.18629385008242794,0.5190834820349837,0.6136192520348209,0.20835049580462833,-0.37546099579748615
1.0,0.7941206973708219,-0.38942284187598747,1.0,0.30536519636674764,-0.2211139981576582,0.7736968156223993
0.9971241951647541,-0.2539627433049248,-0.17521831078312805,0.9440339810920385,0.1254904148797178,0.8061136999969267,0.6701808773083922
0.5023799559866142,0.9063862243263086,1.0,0.4710553045756909,-1.0,-0.9119510131121495,0.9842557443514051
0.25949077078871896,0.1606669169190839,-0.17905332450687483,-0.4453375466949493,-0.1837863598719427,-1.0,2.2179311434653495
0.1079272166870886,1.0,0.4967554758298042,1.0,0.3044810715252777,-0.26022464135283485,-0.6895080811368128
1.0,1.0,1.0,1.0,0.4936163450992552,0.6471041295633302,-7.010288039272944
0.6174743003567398,0.9446059756606568,-0.3507360451472168,-0.04460135316509983,0.5345948477242108,0.05741857826480979,0.331963267683602
-0.7659578553205364,-0.40432475889800834,-0.4805780668119286,0.10265073543142411,-1.0,0.2754797384613731,-1.9217311330052176
0.7310398142752907,0.5689862637472256,1.0,0.23894403787392737,0.9170612201933452,0.4199456606633625,-3.9067656913713096
0.3451590293841018,0.5721057174676891,-1.0,-0.8991688442103143,-1.0,-1.0,1.1137942272739576
1.0,0.15193103206326697,1.0,-0.16661912832101064,-1.0,-0.2315383535381077,4.9818316231345126
1.0,1.0,0.06825110463342798,0.42915725051275555,-0.041157381338457366,-0.5261282162127259,1.707226443959947
0.6425375764620849,1.0,1.0,1.0,1.0,-0.1938068234282031,-6.491111401772695
0.06842030376579072,-0.7181298979735365,-0.02267689797196626,-1.0,0.4446809947528527,-0.28064381757264834,1.063057036473449
0.7741934847956933,-0.45331410229685987,1.0,-0.5192133618765438,-1.0,0.3947867733766188,3.254474353673431
0.7073207081904056,1.0,1.0,0.9498659604165912,-0.8831465030400478,1.0,1.1992142894251248
-0.17619882969471146,0.3875984700417532,0.31753729372382977,0.3125654959797425,0.19731120876170943,0.4501364362461083,0.5000512065416852
-0.34674194919153434,-1.0,0.24755050996159078,0.11286229588014468,0.11058866473029183,-0.41159002153250296,1.0703240966341303
-0.5574589000406056,0.1222744624247668,0.14357263024909642,0.6141572021672829,-1.0,-1.0,0.4981239287774584
-1.0,-0.8868005829862655,-0.37263028194856396,0.4362072635539222,1.0,1.0,5.414714358025286
0.038189067147563205,-1.0,-0.39116136857204875,1.0,0.5894941990817573,1.0,3.112219290255588
-0.07140255308503374,-1.0,-0.8910614741747342,-0.9294837166170581,-0.23433302029273617,-1.0,3.211016558090071
0.5474031504105794,0.9344379671670375,0.5530405031469732,0.6407531329309337,-0.2734251540576481,-0.6435487440269039,1.6226081640867478
0.6791439145123221,0.3765905998704591,-0.09423912452550531,0.07539232652504951,1.0,0.41403329980555537,-0.7994845073078565
-0.25336824545644787,0.4274030875195032,-1.0,0.11002509721286668,-0.4709413759569649,0.8284383423702347,5.264093291476603
0.28519250090448384,-0.007228965686553825,-0.5074906877443832,-0.44778686891558406,-0.3015253086915594,-1.0,3.134715983959207
-0.09908348427316974,-0.7149668159236083,1.0,0.572499352561685,-0.23059543857165998,-1.0,3.187211320163796
-0.12706191824495428,0.9528620646194993,0.19137587764125943,-1.0,-1.0,-1.0,1.4832206035761741
0.6921553570795829,-0.00974749595899066,0.5354658004973404,1.0,-1.0,0.8571037495502876,3.3236553561536994
-0.12550314717696243,-0.8752591624670509,-0.26007405389566784,-0.33529414667957924,0.3059878145135424,0.6391077817574816,1.1276854215234606
0.13212736605320052,-0.277797987297821,0.24605326613249545,0.0007829867853403651,0.31457697239997673,0.9439427241949973,1.587836605774594
-0.5614599765861295,-0.5374931686663905,0.29986189769612576,1.0,-0.3859010802097207,-1.0,2.2498691615144963
1.0,-0.2952462253982788,0.15469910043700766,0.4838035965983579,-0.39142952373363615,-0.9488524616586151,7.262570422612818
1.0,1.0,0.39663042913548396,1.0,0.07997754788999281,0.09874861972739757,-1.3035912458344074
0.4422989145431525,-1.0,-0.017993769616425737,-0.41047820229583354,-1.0,-0.3412583681640929,3.787618090636723
0.8510000540787073,0.018361955505978633,1.0,0.6419143506952698,0.6340991227992978,1.0,-3.9762851368470518
0.7004435308704249,1.0,0.5169728345145402,0.6839143535994507,0.9475866533127424,1.0,-0.2021158371281334
1.0,0.477362904564391,0.31530380429085314,0.9214538929347859,0.4561385348541091,0.40075943103328693,-1.6053612354509776
-0.5001474951960659,0.5053770503162176,1.0,-0.9503665254229123,1.0,0.8927882362638164,1.6140227943579855
-1.0,-0.21981887450438098,-0.494963695799864,-0.6755656719765426,0.47530079560182126,1.0,3.5036720010986175
-0.5220762997743298,0.18885781328121987,-0.8906431111264891,0.6857313689780823,-0.5769176918248007,-0.9231516840956724,1.7382268175935227
-0.7714681243941568,-0.21600820615308325,-1.0,-1.0,0.7318433083751605,-0.24852707121015152,0.06588578187294403
0.6971617216079524,-0.017701785099836553,1.0,1.0,-0.20120187826050676,0.8958498259360057,-1.984724950490349
0.16632503714428287,0.6291497620291109,0.36642306683645376,1.0,-1.0,0.20703135243730353,1.564585179119157
0.8679003674732426,-0.22471726587306884,0.13562517174321326,-0.053506065874559444,1.0,-0.8354407670847419,-0.7784051892841062
-0.990878432961397,0.17387063408381653,-0.6140903516596541,-1.0,-0.802891275949773,-0.7660809076277362,-1.975137271641072
1.0,-0.8178815548133541,-1.0,-0.045863902554694636,1.0,0.4678959629093806,-5.879887362318636
0.046898702851378093,-0.5355421224999111,-0.48935441567762394,-1.0,1.0,0.04510089885823758,-0.3432845324287884
-1.0,0.39097948627319984,0.14416881096226186,-0.16987910806037704,-0.8839255809889326,-1.0,-1.3007558940556627
-0.7174563062750529,-1.0,0.7150319060544399,0.03573582342503567,1.0,-0.6307295142591159,7.083438136709008
-0.27370383274902615,-0.3754346957036462,0.018362918272054808,0.4755215563340037,0.3873945833360834,-0.31093640202480716,0.03729746956536617
-0.9296052997431983,-0.08834881784476978,0.5490316083530808,-1.0,0.2153768360147949,1.0,-1.1934809872287815
0.2788690710513982,0.9684968835289604,0.572991868679292,0.9248409945448884,1.0,0.1320289897503385,-2.4733404401447188
-0.389975988897933,1.0,-0.7066303135840974,1.0,1.0,-0.23480355756920612,0.445681070212472
0.751239472076393,-0.04272894703652713,-1.0,-0.7657423975978643,-0.40859819034531575,0.1938709239076823,1.4739034020135056
0.17852284068218793,0.4521190512188742,1.0,1.0,-0.5125248252524589,-0.3622018529782953,0.3933370361634157
-0.8095815414443287,-1.0,1.0,-0.9382422121461372,0.9583141170882133,0.21593241135354657,-0.439813170451951
0.9636356294733361,0.7655079293124718,0.16985610640865345,0.2859429196499903,0.15190870401380674,1.0,1.8646154921067324
0.14636784287453575,-1.0,-0.6952902941224552,-1.0,-0.10642746160597225,-0.3751473663002366,-0.44442157510225866
1.0,1.0,0.5041265177361309,1.0,-1.0,-0.9361287011803616,10.657789871251477
-0.5297416244652265,-0.7351566966886187,-0.6800603258512624,-0.798496235911732,-0.21896405527125623,-0.12655785012599213,-1.0800885420316382
0.8031287651394923,-1.0,-0.7992211131141148,-1.0,-0.624060551379592,0.6464671830623987,3.86634246071265
0.6840825697958404,0.868642986767443,0.7998267940107995,0.34731108966193114,0.660934111657852,1.0,-1.9917859964725095
-1.0,-0.7083269823427774,-0.9307167375577903,-1.0,0.6667040382987462,-0.05129572495407489,-3.3007928219477387
-1.0,0.7416516226502754,0.9445834418997856,-1.0,-0.0422277834395679,-0.044717599566037575,-3.097576562699846
-1.0,-0.7929927837538602,-1.0,-0.4482280910403361,-1.0,0.10290520032447625,-3.940062820407159
0.4906387667074967,-0.3392748827400399,1.0,-0.24831081296337887,1.0,-0.3376530775854569,-1.9671090444018957
0.0268234420275979,0.38543530219483546,0.043607992791950934,-0.28756440353601165,-0.6438105912824044,0.605456216542973,0.0001406588470946879
-0.5945139803623269,-0.2326271606873992,0.6678826417082305,1.0,0.5877207788891976,-0.5605235544613083,1.0091114164171857
-0.576914928569772,-0.29782576940457334,-0.6909684770495285,-1.0,1.0,1.0,6.252753485607895
0.9942638575994358,-0.7978724488511397,-0.03115476345744178,0.12755073580348492,-0.6861405690987512,0.16106277284252069,2.3248504406276993
0.7800302251031224,-1.0,0.05880726796369684,0.7216295820917571,-1.0,-1.0,9.529698155156419
0.479402804740104,-0.27859036296970124,-0.6507416307930569,0.7245515244390289,-0.4583285088064739,1.0,4.968993709003827
-1.0,-0.4171222340009779,-0.01775443069036675,-0.14309592949479244,-0.5892582356398764,-0.8434611677046865,1.234586428971926
-0.3591946562191276,1.0,-0.8484538203683557,0.6744394375015156,1.0,-0.49246681461736774,3.270121636282994
-1.0,0.914332333533168,0.8787820017973168,-0.7862182562443563,1.0,-0.8717719756311002,0.09074893998889866
0.307516474677846,1.0,-0.06873295956241576,-0.4530225498230752,-1.0,0.6164732360454531,4.90252012225837
0.531601733225959,-0.31918881016297057,-0.8376534430875859,-0.10857804965449092,-0.9411148269158057,0.6779933110691947,3.8942903175465893
-0.08853747378317722,-1.0,-1.0,-0.14346491789972404,-0.9744588565942002,-0.5643379992602038,-1.241078146615177
1.0,1.0,0.3983789932158022,-0.043453613834339544,0.23145821248812015,1.0,0.9861158178639974
0.42648377613420263,1.0,0.7294384249289335,0.335671694252188,-0.45456204148492396,0.7274058475921518,-0.5548448909434065
-1.0,-1.0,0.5809682869263869,0.012846553335451594,0.02380486543776561,-0.8057319825459544,4.777692678657415
-0.645686396581787,0.7826455358091444,-0.903230376242983,-0.3845756468665593,-0.9479908893493814,-0.8547471606992063,0.753239483699727
-0.5114844354671223,-0.798765938167352,0.6757387367796313,-0.22711225691374604,-1.0,0.3579770432633509,-0.4267953438271239
-0.6345779599653147,-1.0,-1.0,-0.9489430116531925,-1.0,-0.35593402900601284,0.6070548374781689
0.678689530680304,-0.12683138063591343,-1.0,-0.1532946798212556,0.085905739472139,0.7387019497114818,2.583610836638179
1.0,0.7660871527172417,-0.08857422609987486,0.18889906882914742,1.0,0.3767744246784496,-2.7318335432421486
0.24550844705438732,0.6516511875602118,0.21927652589533858,0.4317083519279692,0.30934413266840277,0.44431545667780425,-0.5004886129608157
-0.37279078576807345,-0.3711473119448536,-0.5784757686918889,0.3299372532068651,0.7132938512704061,-1.0,3.5045675018651172
-0.24023844499149094,-0.2886126864966909,-0.4426746137574077,-1.0,1.0,1.0,5.791551511676863
0.7083827824955303,0.6195387374082832,0.06733861303911914,0.997418454038531,1.0,1.0,2.5684046394597475
-0.529317296023119,-1.0,-1.0,-0.19334007769567396,1.0,1.0,3.512983969015453
-0.6302860980540896,-0.8903017347258277,-0.021772184840778697,0.41829200931682564,1.0,1.0,3.985321978642936
1.0,-0.21472342361593,0.7678289867781832,0.5434632264431277,-0.8326475154760127,-1.0,8.347870731850199
0.9324550822198037,1.0,0.6735024838543071,0.315075090298939,-0.16030179312351245,-0.1639792454230664,-0.7719536360140634
-1.0,-1.0,-1.0,-0.32886998460074546,1.0,0.059553149383773984,-4.545183686255265
-0.5560353376296623,-0.3595840654181568,-0.12088714902061626,-1.0,-0.2616965755486586,1.0,0.22132994071860768
0.166402334235108,0.6996710849415747,0.6144955009020369,0.48041445090093626,-0.1109684163561463,-0.01746735289935686,-1.2331243459672048
1.0,1.0,0.2601706598595208,1.0,0.4074251960139684,1.0,0.179312492509445
-0.12602418642512014,-0.28433149629998744,-0.04359943610893091,0.38409484593172805,-0.2579893944746698,1.0,3.3732991911328485
0.3945029661958557,0.5712023305049528,0.3457501998598471,-1.0,0.7730862219166394,-0.38988280879846565,0.4602406358840293
0.3201905864998582,0.6204306575800667,0.7081241195941796,-0.1300492755578752,0.19413466674318292,1.0,1.1669587539209278
-0.6826122001472872,-0.8016105348941722,-0.38164817722735683,0.6534614306056796,0.5367947725969504,0.44715508630373235,0.5719858651496393
-1.0,-0.047008126828116614,-1.0,-1.0,1.0,1.0,8.269663331706962
-0.14928204812124707,0.801988147551493,0.3862154831177256,-0.5295693847332679,0.5382020349662248,-0.5761643774058764,-0.7889727765115503
0.2331330881113598,1.0,1.0,1.0,-0.3703171189729666,-0.41579045813569443,-2.409710939453574
0.9354886918056313,1.0,0.4310973928120121,-0.6673428677446633,0.8273421045298363,-1.0,-0.15122051285553928
1.0,-0.19501541244377507,1.0,1.0,-0.4276150329243184,0.6063841200943252,0.6692511448684704
0.6149041785714708,1.0,-0.6554733386937263,0.2528177051344219,1.0,0.4434246766907608,1.3393186778547128
0.0673132648042359,-0.8244334025736271,1.0,1.0,0.34565966346852006,1.0,-0.31965498452065866
-0.20965709879474304,1.0,0.5815022163013118,-0.6010903536368996,1.0,0.7853149594343669,2.707281651181981
1.0,0.9863566517207717,0.2548233558304709,0.6536070644828268,-0.012211658619997429,0.4617665038060641,-0.7339146103667278
0.12282218848850945,0.5371342733326832,1.0,0.042756768184155414,0.007680835415466394,-1.0,1.5442478079668471
-1.0,-0.027030894556331675,-1.0,-0.7741908145521839,-0.3797045691512213,0.5450615977690434,0.8402098628574848
-0.7119708127159818,-0.11853593035233845,-1.0,-1.0,-0.4395675749011726,0.7655821024819176,2.189795206297462
0.5629544962533042,-0.12421442197852192,-0.13423666206290377,0.7808332179617905,1.0,0.026269834435923456,-0.9478648255330189
-0.06692423788312049,-1.0,-1.0,-0.2223870973926394,0.11371386667634409,0.9024507245210636,1.3736905081806237
0.10791873031317634,1.0,1.0,0.19077113790809697,-0.4992120527179637,1.0,-2.337957808171622
1.0,0.47784082099405123,1.0,1.0,-0.1268616675796349,0.3162794188504114,-0.5704960597462527
1.0,1.0,0.8795063454834435,0.4461688061607283,-0.17347858400396304,0.05701232422994186,-1.1224736339271892
-0.2260620933972029,-1.0,-0.9369780080925535,0.18712510769890023,0.13486393370350797,1.0,3.6810351716721685
-1.0,-1.0,-0.06896037655126763,-0.361295772291081,-0.2433576743823641,-0.15654037043088542,-0.6085671214922795
-0.3217591696502349,-1.0,-1.0,-0.6232195498400055,-1.0,-0.7066887238616262,0.33336554251072803
0.833113509813785,1.0,1.0,1.0,-0.2680344635644325,0.23978957759026687,-1.3927961086582328
-1.0,-1.0,-0.4719018287496027,0.10176853840222422,-1.0,-1.0,0.20213125664470477
-0.4177478933673484,-0.45141029881973505,-1.0,-1.0,0.8348396961980384,0.019614447850734684,-1.6578754550516623
-1.0,-0.9631279410001479,-1.0,-1.0,-0.4031428567577745,-0.7309854750607385,-0.7252838191319094
0.8135709054109083,-0.29710525967607104,0.15612438164610754,1.0,0.07579301241041682,-0.41168057995868346,0.7355004834927036
-0.19311641420235637,-0.7160433020270488,-1.0,0.5461638731312444,-0.4728039163832893,0.5122350935828295,-1.121045741727896
0.6317436872418309,1.0,1.0,1.0,0.598951851634334,0.8282431792323269,-8.028981267330531
-1.0,-1.0,-1.0,-1.0,-0.758855954350343,-1.0,3.6771124567273787
-1.0,-0.28473387094844954,-0.05216835791655117,-1.0,-1.0,-0.5247796484069545,1.1719183321402205
-0.5181464680517344,0.6115109139365087,1.0,-1.0,0.17322803200513792,0.8204836026255675,-3.045133570606853
0.7802761258163301,-0.4374909974181907,-1.0,-0.6943481431514269,-1.0,-1.0,6.1057594017741215
-1.0,-1.0,0.1160969919405197,-0.9184200520378771,1.0,0.09134957574153378,2.1372016743665903
0.7234683382449372,1.0,-0.3765709991912103,0.06418118207148055,0.38883992396959244,-0.5321333123334213,-0.096482596077474
-0.8785075224001084,-0.4998801551400162,0.3201065027833854,1.0,0.07516423009844941,0.3553502309031247,0.33972175394739623
-0.20910567294477156,-1.0,-1.0,1.0,0.9943421067109832,-0.7781968939745231,-5.78978460809729
0.7750909160940949,0.3832009217078409,0.9346544430324231,1.0,-0.744567599636603,-0.6271769064597534,4.115388905601851
1.0,1.0,0.320571283418626,0.7868528216477756,-1.0,-1.0,10.286780975659696
-0.07926082351695174,-0.41529551119479025,-1.0,-1.0,-0.28473549709966395,-0.35754706501309397,-0.82959554804277
-0.37008823113447675,-0.5976307633461773,0.4485953438737723,1.0,-1.0,-1.0,2.5706861329402493
-1.0,-0.033154974780627455,-0.8283603149059138,-0.10579216162619054,0.23997428058724254,0.8800833035316324,4.704123202334835
-1.0,0.18166753264766577,-0.6435356756921501,0.26441595198816514,-1.0,-0.7952559712663838,-1.2471084022453853
-0.18327404750312004,-0.1558210216980213,0.37099820252425547,-0.6846087189055596,-0.4302416576416641,-1.0,3.498000115045996
-0.37370703831609514,1.0,-0.007948747918992138,0.36543620942023913,1.0,-0.1785797510535858,3.597086724643795
-0.7772244688143177,-1.0,-1.0,-1.0,-1.0,-1.0,4.55709016628503
0.9487297036899395,-0.005784157190751538,-0.3752953624416581,-0.29379375302390814,-0.6870378426136443,-1.0,5.119659906711676
1.0,1.0,1.0,1.0,-0.23963530305761205,-0.1775346283702717,-0.47015059788310776
0.4849409609312869,0.5577123398667718,0.5884537654371534,-0.5062240039585628,-0.7860289886109355,-1.0,3.271168091026048
-0.3956355935561607,0.8167558825461889,-0.4213689222789662,-0.8456603194902665,1.0,0.014403356793096567,3.310030652801039
0.7442072475157635,-0.7824082068296994,-0.6314561716090844,1.0,-1.0,1.0,7.854429783563255
-0.5982301836562862,-1.0,-0.4686788496032588,-0.5742744597665033,1.0,0.6946672750039304,0.036530489960876655
-0.13054678542469778,1.0,1.0,1.0,-0.16402601004595285,0.31786287156243376,-4.333385264057527
0.8875370002639641,-0.5373582014118898,0.409345630282866,0.3878667217335391,-0.10844012619599974,-0.047022461113134434,0.9088957647465883
-0.047094327265092856,-0.4871535701749788,0.4733891521346607,0.3106176913165185,-1.0,-0.028481248426446004,0.6855118682063722
-1.0,0.4781741006220893,-1.0,0.025827003200693366,0.4661912264634585,0.15947087756965006,-0.13792516737193017
1.0,1.0,0.7967269806817263,0.43614039629606505,-0.33713831608557543,-1.0,3.6696880637588323
-0.09433740614578576,0.5773919522323503,-0.8148607588285287,0.6257483480147866,0.2819090391576598,0.9554727398055672,5.0711599852539075
0.890801718375361,0.17261565654869515,-0.4538481944839053,0.6244775666149615,-0.2721130574744606,-1.0,3.23447512673501
-0.08676802108735948,-1.0,-1.0,-0.877097053975612,-0.26699673946109514,-1.0,2.7293271629070914
1.0,0.4769263685532672,1.0,1.0,-0.33937418795853835,0.46055534260402853,-0.2788134930997522
-0.2854439605760748,-0.19885084797063768,0.4007903628245689,1.0,1.0,-1.0,2.0133978661296146
0.18517441653694333,0.0403066238155963,1.0,1.0,-1.0,-1.0,1.3293058156560529
-1.0,-1.0,-0.4994345497681538,-0.5170528955482276,0.07240971222958592,-1.0,3.6396601991835547
0.2400361113966164,1.0,0.7099895799305208,1.0,-0.3276636342760757,-0.38454113142510304,-0.24763097637413872
-1.0,-1.0,-0.3042184151359326,-0.8644588317613899,-1.0,-0.11878785660056046,0.2968664597896117
-0.598479887863153,0.36751531538016924,0.3598435399692036,0.7806275299114992,0.9725375334351234,-0.4826903939964027,2.565325928877162
0.3274133989804311,0.8818466193594499,1.0,1.0,-0.49118333404824177,-0.5482255486716034,1.087842720074644
-0.803590644645676,-0.577140805467539,-1.0,-1.0,1.0,0.2667030557457153,-1.7792377580841154
-1.0,0.6131885256249879,-0.8621165229570946,0.8689093076509904,-0.06463612432903693,-0.5772333876637955,1.8884390404036626
-1.0,-1.0,-1.0,-0.32266083156310776,1.0,0.11588265170688272,-4.849948027460048
0.8335733506660161,0.9989811932896249,0.6070625340509856,0.8442165052659054,0.13049012338741595,-0.09999601069730646,-2.3543481371496275
1.0,1.0,1.0,0.432485514336429,-0.18135646366352942,-1.0,1.183234648525513
1.0,0.6341278959181204,1.0,1.0,1.0,0.2511535822933372,-6.321520678137107
0.2519854183740038,-0.6993833017815709,-0.6857003511107643,-0.6096319979277991,1.0,0.6162340602757477,-1.5285629032018613
1.0,-0.3940049482147409,1.0,1.0,0.6488863298136641,0.41701457568194505,-4.197489888539098
0.757075207852983,0.43623429751246856,1.0,-0.32630017037748055,-1.0,-1.0,3.481348817855374
0.19815742323084373,0.81027092315053,-0.9510766739442806,0.13483662552170594,0.25787716132121297,-0.0379041876925823,1.0540936306080404
-0.13639435969669886,0.6527863839088026,0.34460182922587007,-0.2248764661030218,0.4190892197960208,-1.0,1.3560039368468018
-0.9605591617231519,-0.2011362627909571,-1.0,-1.0,-0.3965027840943055,0.7879052375268885,1.2720935109720388
0.9633258905627836,0.648340972409174,0.49432508163822875,0.720751151303813,0.9433534774963217,1.0,-1.4770328081487167
0.11659003327340833,0.2656665809185862,-0.9519478163250417,-1.0,-0.1832995175583906,-1.0,1.1794785222266904
-0.8753746653852587,-0.6986275158577835,-0.31346914040176577,-0.17734908588052806,-1.0,-0.96370871217755,0.5269092086288553
-0.5090793424711018,-1.0,-1.0,-1.0,0.3725275280479771,1.0,-0.3628800112542482
-0.45145053181682526,0.10371252962916366,-0.9615252593842984,-0.3006826485448659,-0.29991704824658627,-0.1277533119237222,-0.18239242840174213
1.0,-0.16305167780605714,-0.2107416024550344,0.6093263321268914,-0.1675864124207379,-0.3597647278219287,1.178171795622165
0.8954223149117211,1.0,1.0,1.0,-0.47782123930992515,0.08072585308463665,0.770197342695807
-0.6330062584492558,-0.5782873516706122,-0.11265464040975104,0.8959973333082882,-0.04160546323966363,-0.6214824169053146,-0.4055899438523243
0.8946180284594781,0.944072147596329,0.7207553788977173,0.15768785794736062,1.0,1.0,-2.6169826700424617
1.0,0.6992596076798276,0.13186239451000237,0.3398563727754149,-0.795967912041217,-0.44021012574537166,3.2354687533028903
-0.44894166392251394,0.9340800335779413,0.5215173570910215,0.7492809371666189,0.28411076357089193,0.38686602261617453,-1.479459382318275
1.0,-0.12040892864044933,0.7739047064240177,0.4188743339281251,-1.0,-0.6242797209435836,6.4810718054821725
1.0,-0.27085446356367415,-0.0767893653180255,1.0,1.0,-0.474650820615378,-2.031277975473154
0.560605295474455,0.22724753279616028,-0.021575856314919706,0.5166441539726176,0.9171828158186841,1.0,2.6343427152870866
0.47872116912993934,0.7924863851755861,1.0,0.1825283447528161,1.0,1.0,-1.727432834956537
-0.31235401781790295,-1.0,-1.0,-0.6307065318110663,-0.6598536113163515,1.0,2.884077167022655
0.607268413867577,0.5971580998106873,0.013534256104304976,-0.877506402257093,-0.19512504690758892,-0.530531590897519,0.3078271325791633
-1.0,-0.7115484680803534,-1.0,0.1803388042523395,-1.0,-1.0,0.48209421924694035
1.0,1.0,1.0,1.0,1.0,1.0,-10.030289588904841
0.3634390195939423,-0.41020960423292163,0.0633017481183189,1.0,0.0658084825609897,0.258691881871039,0.2097608057750324
-0.319989594101163,-0.378613881106371,0.472068310343721,0.19556585694285122,1.0,0.05914293487532074,-0.28553984150824196
-1.0,-0.4723764531479544,-0.6074787789869317,-0.04154841550781885,1.0,-0.10143673495271405,0.15998856451930343
0.3782509009621825,0.7251157404866,0.9822245493279318,1.0,-0.41562087688474647,-0.7787608479098296,2.2640512617790804
0.21645314391284276,-0.1845095529838241,-0.43627498397350967,0.06864825859291346,0.2823042804718523,-1.0,2.5026347986519366
-1.0,-1.0,-0.5419271138605555,-0.679285462751744,0.3907370763659921,-0.9036267880489401,3.6956161703596737
1.0,1.0,1.0,1.0,0.9479182109429779,1.0,-9.329469714238263
1.0,1.0,0.3238681468863751,1.0,1.0,0.243670666613791,-4.303950486235989
0.2627638223869406,0.8139678198240317,-0.0019746600585646146,0.46464517077502965,-0.15575028610570602,-0.04864915747151835,0.9126459873410981
0.08650490803316065,0.19730048405722744,-0.8722216892903494,-0.6901211509174927,-0.231407264677556,0.5729952797997802,2.8124744004091853
-1.0,-1.0,-0.0636791390006346,-0.12669574343577783,-0.546127813861294,-0.17048312881096672,-0.7697866095846833
-0.8171397655322725,-0.32000547411246005,0.07380267669593749,-0.3167707301069148,-0.6381492149122681,-0.12919747168978635,-1.5146074823837066
0.9446736481673157,0.5718817925936083,-0.669792891937538,0.10866789721678494,-0.7828138715622233,-1.0,5.309464897688552
-1.0,-0.13924316559925498,-0.7988673556484625,-0.20225113325347466,1.0,0.8812500346444587,5.501289934792018
1.0,1.0,0.6969083085586425,0.1438056024231411,-1.0,-0.9465222179891521,5.784857038686263
-1.0,-1.0,-1.0,0.834214780706526,0.5124667072352624,-1.0,0.616312433385939
-0.48234843858713106,1.0,-0.5433042900815561,-0.12563518847389343,0.04644063294090417,1.0,6.964905174283464
0.7272873075794866,0.009880754551063506,-0.3618003554429474,0.3949857430993048,-0.5333036659094219,0.10319452515921454,1.5894467533250716
-0.036573478146346594,0.7510357486664305,-0.47036447154346156,-0.697853832671669,-1.0,-0.17171217379487214,1.1502132348606409
0.10135994436321705,-1.0,-0.6733739242211771,-0.2742620603055148,-0.760770544604352,-1.0,2.088028388141681
-1.0,0.7562385189146721,-0.3352961248564582,0.3817064923073169,1.0,-1.0,5.528020945134688
-0.5998691684405146,-0.02295799884162364,-0.0493105910694398,1.0,0.4659594668172915,-1.0,3.509025752991689
-0.0456135552075454,1.0,0.5374429130695362,0.5635277570644864,1.0,1.0,2.917738085598171
0.5949464874061492,0.25591850795861526,0.4791185360450749,1.0,-0.28417586786163,0.23647993485844265,-1.0036228913174288
0.17747598523276034,0.21302144592918282,-0.19968361655945654,0.8128223420155973,0.04703268205079403,0.8607655956423889,2.7365879021771815
-0.4150059407452349,-1.0,0.2883044931542898,-1.0,-1.0,-1.0,9.533747058766687
0.1914705865686764,0.7107809031740666,1.0,-0.47929906839483755,-0.885895966782142,-0.9227655188047315,-0.9349200160019384
0.2979560546125549,0.47122022200749664,0.621603765587238,-1.0,0.5082574821406503,-1.0,1.3503989730132169
0.22798230751229065,-0.7157892962433665,-0.20574573723994066,0.3068758049378527,-0.6968931655092601,-1.0,3.5594869661877877
-0.6149065676799862,-1.0,-0.34165601074407415,0.14524669042764643,-0.789706229063857,-0.5189042389090166,0.41985358757623714
0.527575697749869,-0.816312724584314,1.0,0.7765363614448804,-1.0,-0.23134379465116456,3.440991172378924
0.03791586923528495,0.048867400304636266,-0.7432022913458813,0.15855105190116592,1.0,1.0,6.0321238572277736
-0.04190120554079002,1.0,0.8277762346261914,0.3376706566292429,-1.0,-0.11238955153681585,-2.696441944462764
0.0102259212852292,-0.03998723040599106,-1.0,-1.0,0.8962699460766873,0.9957142111285106,5.270950389726849
-1.0,-0.2784860600916077,-0.9044059936419007,-0.6948943554725349,-1.0,-1.0,1.8151364152235083
-0.30863767313191315,-0.5774888684627486,1.0,0.8770182747232234,0.25464047496979986,-1.0,1.9619615771248107
0.9437861115934549,1.0,1.0,1.0,1.0,-0.19545633205280258,-7.143685774436204
0.9371635501580516,-0.21394938481047165,0.5764396221015411,-1.0,0.170532677070535,1.0,-0.7258003944487335
-0.0702343264823777,-1.0,-1.0,-0.12423576710002626,0.2418748062088123,-1.0,1.769683595220589
-0.9932647146103242,-0.7101534928091979,-0.7096696815031791,-0.07147247662221667,1.0,0.3228478641182181,0.026355106995972377
-0.3678685329378555,-1.0,-0.07675921352127935,-0.16996495112551813,-1.0,-0.017305856265202868,0.45124061861074327
-1.0,-1.0,-1.0,-1.0,-0.2132414358816732,0.022310744611339944,-6.759193117716265
-0.40383645610055885,0.1216212108574673,-1.0,-0.0007350504826919568,0.5380264761584213,-0.5421003146662362,0.8821609495447028
0.500907665209478,1.0,-0.4946096808478365,-0.3375512750043038,-0.804060648684854,0.9219946598861151,8.667038380977313
0.7139544931759858,-0.5803664670824857,0.3590125844104426,-1.0,1.0,0.07398510736406022,-0.30540616094141126
0.8328869886506314,1.0,0.36959589260958925,0.9596728942535133,1.0,-0.14526293067494758,-2.691480621230264
-0.4464833835661697,-0.19895652567721678,-0.9966213164822653,-0.21088552427090268,-0.1792639594412806,0.7709803942641933,3.336043296576944
0.9472598556981843,0.06828788463864048,0.44938220241974414,0.019216860160023275,0.9069028068760756,-1.0,0.45990562791414324
-1.0,-0.9327358605677949,-0.2729809462309638,-0.738682473708477,-0.0611691581195003,-0.14798018598618445,-2.430870493986281
0.4586101617489879,-0.371039936088992,0.511083492084252,0.5827471505208943,-0.7831993881087205,0.6574886547535087,3.1667281960490614
0.03951586226229435,0.7908620610002055,-0.5091311040321813,0.05942347458843744,0.9067986992073137,0.15269567781926474,2.293503595510049
-0.449069060042434,-0.058764285920891335,-0.13777130967759704,0.36361965240583705,-1.0,-0.731273436470249,-1.1211643209326019
-0.7627903772779832,-1.0,-0.036390209174582244,-0.9445040521810024,-0.17470135697965067,-0.020469837551286285,-1.4434027083517034
0.7831362526482709,0.20736630903364137,-0.08539054338445967,0.06529083389034346,0.6755779374816353,0.042820807824999196,-1.8519826913320818
-1.0,-0.5840049882550756,-1.0,0.12292154638710423,0.5610267047998023,1.0,6.399477320192253
-1.0,-1.0,-0.5770568565730969,-1.0,0.19980075774089578,-0.05623481747623821,-3.2858553287934997
0.004845973117450275,-0.984364662679825,0.3898779274498505,-1.0,1.0,-0.7659720856727417,5.611750102879755
-0.14224087436273122,-0.2525143759079712,1.0,-0.18194229558590047,1.0,0.951624948762041,-1.377498869273412
-0.11530872697054617,-0.383628398033926,-1.0,-0.7417320710328887,0.6823883961231795,-0.7054564646080239,0.21324800038787545
-0.7382818742259935,-0.6964720358984368,-0.7152714991463593,-1.0,-0.6287317883106425,-0.19823294538835734,-0.3015087543303965
0.19162902732579945,1.0,0.8097578219763123,1.0,-0.6599631749592895,1.0,-1.2023688313968561
0.617190242130935,0.4738447064824728,0.28386001184311377,0.17423897329380678,-0.39156890065276745,-1.0,4.79743916746771
1.0,0.9888962962209571,-0.8515771233249364,0.15823531266628493,-0.37481907942084597,-0.8378689088168634,4.613999888100236
-0.09061371443916093,0.18132822651735336,-0.09745905681495859,0.24301239951790943,-0.6057302390814707,-0.653942242101635,0.5625140552601072
-0.1839432788219133,-1.0,-0.5955732713702562,-1.0,-1.0,-1.0,6.634123952670852
0.4875354717458359,-0.8532964760204578,0.3969961870800287,0.8616206641792425,1.0,0.8375614109826672,1.31058162166519
1.0,0.36128277947009946,1.0,0.9532632295654648,-1.0,-1.0,7.77141638035566
1.0,1.0,0.17050978625176993,1.0,0.48802926639104544,-0.44020980435278245,-0.5456854399606801
0.7889988370121118,-0.33109947528303496,1.0,-0.21056771389201828,-0.2755493872500143,-1.0,4.6071982194740775
0.21079358744737842,-0.12364347407138121,-0.456846833257982,0.3694715981614166,0.37908290292035857,0.9672605889872934,4.166120733695349
0.656473701585088,-0.1322749874892633,0.5519293599473878,0.3742095352688114,-1.0,-0.3376399066570892,4.270346061334271
0.6393424417996324,0.2306638050866041,-0.45235956788217835,-0.30192087995632433,-0.38178223089436636,-0.10952110967032236,0.5393794200346884
-0.21316227361963652,-0.07516656508819869,0.2721570433998336,0.4745078250735802,0.8238087481881942,-1.0,2.3839045942359003
1.0,1.0,1.0,0.17725318668067958,0.13274450072538474,-0.28755820732261306,-1.7277816678499647
1.0,0.9448797531709039,0.3351729102262977,0.12257880785948583,0.46497125885304014,-0.1421892842587673,-1.1254281452146
-1.0,-0.1670176808854924,-0.06714019389368991,-0.9853959507144623,-1.0,0.7325126485704608,-0.9225532250548723
-0.9269666690526094,-0.5820849860608777,-1.0,-0.05182335550500494,-1.0,-0.2182245777464754,-3.589052501336875
0.3072465908885871,0.5308755181440723,0.9490281827517986,1.0,0.022170148092673925,0.09419940822665107,-2.3201337841139855
0.3800088535057726,0.6961013401571082,0.7609519178171058,0.4901270326576409,-0.9808753401663556,-0.4256442468463663,0.7584624605537151
-1.0,-1.0,-1.0,0.16605675918946217,0.6793519605409462,1.0,4.167571010043946
-0.6396968299225709,-0.5686806683051924,-0.8159169601441553,-1.0,1.0,0.21810952338003478,-0.3761058070038725
-0.07737868189057973,-1.0,-1.0,-1.0,0.4101705165639131,1.0,-0.86831544529816
-0.819388561601705,-0.15818618840998355,0.6171722033695521,-1.0,-1.0,-0.21544636454382382,-0.21020047226789096
0.0600409366968809,0.9304127762356332,-0.7428994635037931,1.0,-0.9737034948126073,-0.14144415497729557,3.2292122829376817
0.7833508361403207,1.0,-0.07731376763409742,-0.5583479088214636,0.4440890543894033,1.0,3.9960480148848427
0.6942502277337836,0.9786229394647226,0.2663733679927498,1.0,0.9349542731053466,0.14149085601183714,-1.95118952544113
0.03218078700427329,-0.48192484235005706,1.0,0.7847739106727067,-1.0,-0.34246277037168193,-0.08026484468125453
0.6303622393576837,-0.4617584774277459,-0.4283237870465132,-0.6272510370464044,1.0,0.976748902006981,0.24420410073390292
0.528816819742928,0.8605673763190967,-0.634257575712224,0.3912372491208938,-1.0,-0.07337920359447492,2.812971737664815
-0.6776174544513938,-1.0,-1.0,-0.44489131168494933,-1.0,-1.0,1.932422550851501
1.0,0.2787958155267628,0.13203936447130027,1.0,-0.11839509104266133,-0.9443717597217759,5.795567448450829
-0.9958188733509892,-1.0,-0.03031557501169635,-0.6138574429558659,0.725718991702599,-0.07547625521583234,1.1805102493360697
-0.029803123869476478,-0.9330424565896003,-1.0,-1.0,-1.0,-1.0,6.676657100508857
-0.24129824849148052,0.32369507737512476,-0.18834880653726066,0.815975533027321,0.4211782532678954,1.0,2.8457157451711854
1.0,1.0,1.0,1.0,0.5366084422883968,0.39160290858117414,-6.929828578376574
0.8185461974024084,0.49573632099538273,-0.6221528272626171,0.0061012674659443045,1.0,0.5550877609896805,-0.8761663423795135
-1.0,-1.0,-1.0,-0.1575842746174338,0.27961965309504655,-0.48301623981019925,-2.3434286800022996
-0.43189065278190797,-0.7455305108492446,-1.0,0.03285531175694811,-1.0,-0.2224416508609641,-2.4596530113480757
-0.6437119705274197,0.16433741409571595,1.0,0.7895379843579062,-1.0,-1.0,-1.0583927801398088
0.23469735558535043,-1.0,-0.24289833226374946,0.1547698023188489,-0.1969165673011664,0.3683798603063857,0.29567968508779807
-1.0,-1.0,-1.0,-1.0,0.2496279165809644,-0.2706039651496719,-6.225415853619738
-0.25833851280008124,0.11939794094328321,-0.019850634804986278,-0.18334418226389637,-1.0,-0.8889267121344318,-0.18499359557373085
0.204023583648649,-1.0,0.03604137308667446,-1.0,-0.8970687029447026,-0.01585467454638645,5.139693056542011
-1.0,-1.0,-0.12566443322395138,-0.3623846208301107,-1.0,-1.0,1.5165518870575203
-0.9101954458027494,0.07999488902354163,-0.059679450478874796,0.335731726427706,0.3038373378953931,0.24553282949273592,0.8329589498139021
-0.011669292243994267,-1.0,-0.010091469350272053,-0.9680430244748033,-0.5098340231589992,-1.0,6.3436032047265885
-0.6437254928346838,-1.0,-1.0,-1.0,0.27471923896480366,-0.7981959535129771,-0.7681426893865645
0.4730842540228136,0.01418640902886037,0.7234442468876305,0.49811226493424765,-1.0,-0.11860558673640165,1.7673649064813495
-0.2760245355641153,-1.0,-0.7330745120068641,1.0,-1.0,-1.0,-0.7992131225115193
0.08689817866528604,-0.8307237344654906,-0.8307764570694605,0.7371421394748325,0.03534919721437735,0.4356866421204475,-1.1336823809710357
-0.1638560388290773,0.011172000284589284,0.3330087301663236,0.40039040799764236,-1.0,-1.0,2.013396599355661
1.0,0.9136987531638026,0.8562365175369147,0.1670557647628051,-1.0,-1.0,4.65682335021229
0.42113409857810424,0.2482310392438462,-0.15245237065492617,-1.0,1.0,-0.4808595725796302,0.1586022959177924
-1.0,-0.16869852628242538,0.24998607864829636,-1.0,0.3530322096820372,-0.7090714535272804,3.635142196566029
-0.21896477392933644,0.48215294152338106,0.8261373626905292,1.0,-0.6231947007008234,0.7061571002851728,-2.6413443793580083
1.0,0.8700217729051853,1.0,0.7461177369517876,-1.0,-0.6233871218511975,5.876603185691226
-1.0,-1.0,-1.0,-0.11225472947851567,-0.9434568069032219,-0.5306924580604268,-4.5817121581348665
-0.4604417496609854,-0.11885841541251341,-0.9264062367532127,0.14037195872463631,-1.0,-0.05837066165017202,-2.6509499498633766
-0.11699315015123923,-0.4285177238085269,1.0,0.34224573943756076,0.41813449701924965,1.0,-0.6056924151520415
0.444009915863379,0.07557524937836407,0.4800119564610615,1.0,-0.327341380330327,-0.41557358705327285,1.2015890138369287
-0.5133403379461362,0.02200907472864172,0.0331494881305352,0.65287277315511,-0.11499828556147093,-1.0,2.0339696068840256
1.0,0.5692857161212179,-0.36581813126137475,0.7766198481353888,-1.0,-0.9888636575571949,7.193572257929132
-1.0,-1.0,-1.0,-0.5088157076327532,-1.0,-0.12801403766166564,-4.243554678945631
0.5581974315141114,-0.834392552916114,-1.0,-1.0,0.09794158550520063,-0.5891801460316797,-0.8016935418100226
-1.0,-1.0,-1.0,-0.9092411045686857,-0.024566043261613046,-0.14088331050072855,-5.24851107521979
-0.03656168004563176,-1.0,0.01589820525474736,-0.2605884484828456,1.0,-0.34936720556882717,2.8906670335064604
1.0,-0.20082831654929056,0.6656360599779707,1.0,-0.9449545123817381,0.6290487714007358,4.024641376024366
-0.9146911085404712,1.0,-0.022809594351911527,0.22507461835488574,1.0,1.0,7.445714091839872
-1.0,-0.08724846550347531,-1.0,-1.0,-0.9567386724208906,-0.8658372420622525,1.172967137992318
1.0,0.7322553197210521,1.0,1.0,-0.22247669182320728,0.5624617689326447,-0.9283553719112759
0.6827930427990467,0.6937443132448433,0.33360132349491867,-0.054815569987454626,1.0,-0.16078832216112135,-1.715045727936984
0.057110538505012076,0.021968629200763812,0.18286438038425623,0.22977641888336856,-0.0837447227258552,-1.0,2.903739287241493
-1.0,-1.0,0.02167153602410865,-1.0,-0.3038812907658962,0.5770732101964273,-4.801543900085346
0.9523426262225099,1.0,1.0,0.38709545221034825,1.0,-0.4729705529271654,-4.039729703637221
-0.5154771841149937,0.0398960391026254,-0.490927636311423,-1.0,-1.0,-1.0,0.25599899649981533
0.01641324317729953,-0.24262355188417356,0.46449187915520007,1.0,0.5015093864763828,0.1696052472102229,-0.8875502038788773
0.9293622123501544,0.6566559313848365,0.6900414219145041,-0.17575358809030517,0.1765010630384769,-0.32302124455879744,0.5276599436749361
0.6249890772007615,-0.37284687551272677,-1.0,-0.34177373778498754,-0.4017457008483545,-1.0,3.2411828625302412
-0.21120820258936546,-0.7092394940376867,0.12300534344488859,0.23787661704898472,-0.8381353731575931,0.503781152086366,0.6541975678120105
0.8461458267395889,1.0,1.0,1.0,0.0680276274913222,0.8153906563202158,-5.058903356406576
-0.753337749541629,0.20031274010647748,-0.484736278188006,-1.0,1.0,-0.16362607005896923,3.8693260882857894
0.8799623665006857,-0.881607493408642,0.7048217562901258,0.3056306130846745,-1.0,-1.0,10.144035782531482
-0.431228042336121,-0.16908228519103896,-1.0,-1.0,-0.8651136983289717,0.759802614080733,3.0248956663654085
-0.4143467223989963,0.4154985976591174,-1.0,-0.8800345040354711,-0.7157584340259545,0.20302991615895877,-0.012264323561873125
0.5156983633766555,0.19481559014492678,-0.14499543258114697,0.15677104989828372,0.28890334601864015,-0.5777420133641279,-0.0039844553951117745
0.8004190114854569,0.6777649375703354,-0.5061882874154902,0.27335303017143087,-1.0,-1.0,5.195517196021513
0.28171160789773303,0.11455842297176544,0.41695177809195894,-0.09824620249758609,-1.0,-0.46666437972542485,0.719078959026617
-0.0654389508035993,-1.0,-1.0,-1.0,-0.23897416683657235,-1.0,2.8565584193669826
-0.6187688251365491,-0.9692071698511587,1.0,-0.25936251551211775,-1.0,-0.0756458616096973,-0.43362855000355016
1.0,1.0,-0.5389435523265939,-0.10088826615450833,-0.6984730703318223,-0.2055790728908744,3.280969310901021
-0.9483110826744532,-0.7867511961598768,0.21656334694590562,0.5576690115777514,0.5991038854771664,0.0026047639479478413,1.8983825060414807
-0.6031021848754012,0.09081173182279538,-1.0,-1.0,0.02964121518503826,0.18806894039814226,-0.45621530655345144
-0.0962894495574304,0.3090570895600149,0.8123565984628602,0.39724825917358464,0.8735585198361491,-0.41023692901401115,1.1689916658046018
-0.298379269710489,-0.3260773371208536,-0.4740927131946735,-1.0,1.0,0.4476158275980729,2.704223765898915
-0.28159643815328855,0.291653233023344,0.30066116663601716,1.0,1.0,-1.0,2.4490234741499184
0.8007774704504722,1.0,1.0,0.05786898549693742,1.0,1.0,-4.636541749270918
0.21184090075511675,0.7565073989283565,1.0,1.0,-1.0,-1.0,2.224606830388538
1.0,0.5006333260563096,1.0,0.18731212689676216,-0.0029348256424497343,1.0,-1.4594732551740226
-0.7223559005613243,0.6826821817565568,0.4784906616426,-0.1020637828711167,-0.29165175124705073,0.8459310566437738,-0.656338977604728
-0.2464480339811641,-1.0,-0.9421318286017013,-0.8660845401700031,0.3376094757744861,-0.8277331044922963,0.4276642679704926
0.8828169608010085,-0.4730318752455399,0.027779689375356686,-0.4264873690712556,0.14861527851115486,-0.2110832424876252,0.04018838264338162
-0.36133183558822546,-1.0,0.7466501719526547,0.34242811011689506,0.7640011739285744,0.6228130673800798,1.137686026723942
0.1428871410455302,-0.46605216647153336,0.8265665229555257,-0.6608487973561945,-1.0,-1.0,3.76569087827522
-0.9012786540447834,0.8872285189454943,-1.0,-1.0,1.0,0.3494755914954255,4.696112128609073
-0.579006304701839,-0.5889624589789946,-1.0,-1.0,0.4412895675268771,-0.7720277600681844,1.5408761023559605
0.30071586094804575,0.31371404605400605,-0.8286206736780644,0.706298517053023,1.0,0.6711327997926388,1.8910743420794454
-1.0,-1.0,-0.37887963908224975,-1.0,0.30539830780471944,0.8129964322130316,-3.4782317623280092
-0.3351537866758001,-1.0,-0.7307193206351439,-1.0,-0.7506046675342126,-1.0,5.242522693025716
1.0,0.7573189650553862,0.2777497551675815,0.19819854833527048,-1.0,-1.0,6.770202396278178
0.7990423351961267,-0.5029454419991248,-0.46927917250654894,-0.404916557969456,-1.0,-0.041628212164486866,3.6401048060971064
0.3619232378130323,1.0,0.4418815974333369,-0.08761448837169239,-1.0,-0.10292943177325609,-1.028711174461976
-0.1177878133631367,-1.0,-0.5542016190019078,-1.0,0.5951605321801893,-0.874220548440598,2.840775081056856
0.8910227969383628,0.059924352104767875,1.0,1.0,0.14531598687544334,-0.592906344052799,-0.16428060247558263
0.7054690258696947,1.0,0.6921258504838492,1.0,-0.688492742175681,-0.784406973987757,4.989163945756155
-0.1050808631076029,0.3667047901862721,1.0,0.6615559717538939,-1.0,-0.9246927171989241,0.5874095444221403
1.0,0.03250326735382497,0.9198163807391979,1.0,-0.14331896226800067,0.8047129440118773,-1.1942354572322353
-0.7960624481366941,-1.0,-1.0,-0.465743424085865,-1.0,-0.20601260086423784,-3.1592206310446107
1.0,0.7186889046850866,1.0,1.0,-0.27001174211732887,-1.0,5.642148815506765
-0.4702517823906538,-1.0,-1.0,-1.0,1.0,1.0,-0.25572004667896414
1.0,1.0,0.8833071392754905,0.166855332146978,-0.8176546921053319,-0.1828589407757355,2.308409573930096
0.7414219215043454,1.0,-0.8182016292224885,0.5790148107847847,0.7934503625775745,0.39943346251956724,0.9461229571010333
-0.48779852437756654,-0.5450274516256388,0.020727803308492332,-0.7491823957824946,-0.1206982948876314,-0.8515555951054337,3.242750318170272
1.0,-0.0008862347046804109,0.1167328977883787,0.6770382339560046,0.6056273785812212,0.8130782505107057,-0.8536862138393368
1.0,0.032365384111923134,0.7765834835561702,1.0,-1.0,-0.7728594319648965,6.985749378918529
-1.0,0.18310719412523152,-1.0,-0.5570082857090966,-0.354863018762127,0.8171808377137848,4.034316177740478
1.0,0.2838856379915977,0.25753770069346504,-0.3360091870930742,0.27031688184729463,0.9505153142351397,1.2361471290814645
0.447567987765295,0.7711922902275183,1.0,0.1614927699267732,-0.8907776131974718,-0.1674679405640601,-0.3123434190039271
0.581616542202946,0.45373864603833985,-0.17225603092648367,-0.5200239636336974,-0.9023119105123204,-1.0,3.366900917154987
-0.3086103922425126,0.6712794079011855,-0.46928320750057284,0.5004784953487443,-1.0,-0.23199940475791347,-0.6436449954468603
0.18627898164589562,0.6752689179371765,0.23181984521733923,0.009436074046006437,-0.06833654195026345,-1.0,3.1334651397071074
0.4276470919103994,1.0,0.9383677002193089,1.0,-0.231394425478246,0.19661365982006107,-3.0151050022881063
-0.28566850135999183,-1.0,-0.6610356080471048,1.0,0.0660151466826,0.22249510310441234,-1.7687238209060925
0.21493463402720153,0.7849134526163043,1.0,-0.10076402660563921,-0.12792057402304935,-0.76453916941627,0.6125127581382787
-0.45473010577869755,0.6094842793445113,0.7312481173336285,0.1623281141192025,1.0,-1.0,2.341856545710508
-0.2746286847491952,-1.0,0.9324583550090266,-0.6164353656230784,-1.0,-1.0,6.229035271090141
-0.859445957772283,-1.0,-1.0,0.4901466064777978,-1.0,0.1501079881123742,-5.727032227145117
-1.0,-1.0,0.5155079865675534,-0.2506208286155098,1.0,-0.10570757336978609,4.330145975033432
-1.0,-1.0,-0.035102164155569104,-0.20199639984341178,-1.0,0.4282485640552053,-2.016788861331038
-0.31380628942722233,0.6319282575090499,0.8894329145146291,0.8652517285848437,1.0,-0.06656547303795685,-0.9311451914700523
1.0,0.8834783768758421,0.21880488884216098,0.136606328113706,-1.0,-1.0,5.922213197069277
-0.4255639397048505,0.17446932063507192,0.1411692816904817,-1.0,-0.739507967770527,0.041601757715897636,0.10425727222471398
0.6205571911061223,0.06098523690265423,1.0,1.0,-1.0,-1.0,4.092598161577534
-1.0,-0.5006305660768011,-1.0,-1.0,-1.0,-1.0,3.3318028501392174
0.3396976546155194,0.13357125356309107,-0.2518724400079987,0.27414934786272027,1.0,-0.7797330782572447,-1.1053624157106505
0.10344247622846081,0.9258393226264159,-0.4255249962955179,0.3244192903570927,-0.7666165430385328,1.0,5.543054805409419
-0.15955798758904205,-1.0,-0.2832586097551364,-0.7998375559913,-0.8415155699642913,0.7932715058965001,2.455036057046993
-0.44545618936939113,-0.5466207888076442,-0.12339922159308347,-0.8585144476673445,0.7699132917534319,0.7964895479697148,1.55844825954773
0.5193077287312947,0.1444076337149171,0.4485105861923646,0.17452864078432492,-0.5808891634083649,1.0,3.8900420188433142
1.0,-1.0,-0.3482369103111309,0.8138509785806222,-0.683830976032781,0.1408411740683615,2.645926963058868
0.14750752728997912,0.48056346706085107,0.4670251672386446,-0.15193142709645105,0.3702648000747877,-0.3257880269583497,0.3173563315340509
-0.2081324991871949,-0.8809874474591841,-0.6472526874450804,0.8529787654467758,-0.16648671887818145,0.5367282412832184,-1.1956795379156195
1.0,0.826045369408584,-0.14306015178979067,0.18581247178858407,0.18913741116808275,0.2708076273380732,-0.2978955848028515
-0.5063938274359499,-0.3502880646594704,-1.0,-1.0,-1.0,-1.0,2.5549458459748817
0.6188265878238172,-0.5682441855918428,0.8298376635552686,0.21424318138634157,0.2061322546501266,0.5696504870848771,-1.1463574323143786
0.045319434253811686,0.07558907579909473,-0.5479168589864908,1.0,-0.7088093709244769,-1.0,2.2562654291319975
0.7936367971569335,-1.0,-0.5525066411761214,-0.15174367776837516,-0.6950435183300829,-0.5153541041823385,2.234689124317024
0.48604307068339536,-0.197652077159105,0.20825185823218692,0.7303497667771605,-0.026680063946873993,1.0,2.9852256672225614
0.11015812994331764,1.0,0.18052568677950154,0.7790299377912959,1.0,-1.0,0.6704843611157285
-1.0,-0.007301676244360289,-1.0,-1.0,0.4729346090878601,0.6410906527313458,0.9984822855152846
0.3262507673285473,0.3919317205316417,0.3488036130596843,0.33103392896177475,-0.7386694842087502,-0.5365390840222033,0.3879451284336426
0.1599447453429106,-0.9609119467113336,1.0,-0.328956578527148,0.7576380503199768,1.0,-2.0041307116677345
0.19549157563442943,-0.3500380413033487,-0.09267712976714626,-1.0,-1.0,-0.21468945261404415,2.8939036726834586
-0.7884002935148644,-0.5413871385536865,0.04639352593948465,-0.15166161175116954,1.0,0.13432055656969966,1.4852622826592343
-0.3762356651722831,-1.0,0.12476028278378937,0.1784441848578786,-0.23030126542433238,-1.0,3.6547745171403823
-1.0,-1.0,-0.3395489461639669,-1.0,0.18434721294820144,0.26921900741367344,-3.930503388742416
-0.2003710543158324,0.41442958127498786,0.916830518589914,0.8315644780509638,0.9920154117471196,0.4325741304689873,-1.303558206401659
1.0,0.6438763393998612,0.6619070412193022,-0.3243155184686979,-0.003480143343508324,-1.0,4.108182421904857
-0.14446015121471167,1.0,0.3446065300026046,0.498139275413487,-1.0,-0.2491357504183187,-0.2500576089219138
-0.537560168915722,-0.4304327862965996,-0.9022992056971042,-0.06230302379454444,1.0,0.8776259901302708,5.55422883256409
0.2379195576118971,-0.17061141482770115,0.16096313803302253,-0.11184908155287043,1.0,0.6096144555412053,1.0533827894240522
-0.7171999461508913,1.0,-0.24115875341209442,0.0037484301220423646,-1.0,0.9149371972511315,1.7126718740093192
1.0,1.0,0.45297031290905077,1.0,0.2914000639908262,1.0,-0.7788531812088778
-0.47111480476930134,-0.9914986761316515,-1.0,-0.10118419813997617,0.6910128455477251,0.302658831026422,-1.3063586493926869
0.44096438567571705,-0.4797676648829349,0.43195139465697363,0.2925433196384572,-0.25315766436618303,0.40474770485491435,1.0339613854055627
-0.7770602706790801,-0.8657523002284268,-1.0,-0.06004812275124727,-0.34463315214047274,-1.0,3.669282837205431
-0.5823604070353383,-0.6018826652351745,-0.4530746117650816,0.5124955034544746,-0.07624299991319994,-1.0,2.215699394281388
1.0,-0.5706143073254178,0.16066284291553684,0.4757532479964065,-1.0,-0.43513249862560943,5.0071322518671
-1.0,-1.0,-1.0,-0.03410417712519842,0.17793722490895392,-0.11879992890165961,-4.510347984665573
0.32790587233878876,-0.08863192708580414,0.2706224618936409,-0.11074827484139915,-1.0,-1.0,3.6903435467996593
-1.0,0.2041151277628005,0.01036841672107816,1.0,1.0,-1.0,4.7581522352951655
0.04898437475343104,0.22371329386430627,-0.5891682020793134,0.5356964585214563,0.30184644926971105,1.0,4.2144568450885895
0.03125566371902555,0.028150701584027327,0.08980139385652304,-1.0,-0.6279606356988742,0.0988476518028851,0.9299375975701861
0.42595091258786644,1.0,0.26413674206588156,1.0,-1.0,-1.0,7.176722293675606
0.9329071400868759,-0.9722987773320094,0.41406680268010915,0.48288946753365275,0.5755609661060259,1.0,0.8827765286666767
0.6910235169865694,-0.014152531934353618,0.014108209662150314,0.5086283252136186,0.4971302738687103,0.6879142692820082,0.08211914525892865
0.02213573047731643,-0.3672855896509789,0.30852432610151576,-1.0,-1.0,-0.9094948713332407,4.8246277822877826
-0.3001419878764249,-0.759645174133802,-1.0,-1.0,-0.0072495357988661135,-0.44079566367301953,-2.034129415069085
-0.13386740131145636,-0.21410313930885205,-0.41183378197373766,-0.93377360872663,-0.33860813098459874,-0.08344899628609692,1.123632480657597
1.0,1.0,0.4672799232647378,1.0,0.1233024960923002,1.0,0.45935367128938176
0.16973026280195946,0.5533261574121491,0.1718536492681031,-0.3465439157231286,-0.6206512089309084,-0.19071111628814474,0.16960823668057476
-0.6330883848254465,0.0949268974179826,0.0892360585248024,0.4123022326024264,-1.0,0.11296160598845606,-2.7021410706185947
-0.1264974258114397,-0.247599880011959,0.18336998248158273,-1.0,-0.7403696079041276,-1.0,3.3067032393452673
-0.12940934452043412,0.7149794324481392,0.5942004102638186,0.6401945673130672,0.20388473885503144,-0.6786876420393002,0.37398838072610213
0.6545359890328443,0.05121915498785956,0.0612297561104892,0.2729671441201299,1.0,-0.7841953428154262,-0.5619790012945666
-0.423315827057799,-0.6314989622028623,-0.28686493394197876,-0.4848960063909544,0.6664009900065972,-1.0,4.125694732054262
0.941903158531344,0.17820787991947196,1.0,1.0,1.0,0.2537182299613153,-5.6164454532261585
-0.23314286020813696,0.7659405321480477,0.2351503970833716,1.0,-0.12098637008310975,-0.021449772063193637,-0.9123519667396417
0.9516879928873556,1.0,0.04611873368631619,0.9357427155776926,-0.3379381327719835,-0.4077363388700552,3.6035953921547796
-0.06366045061533188,-0.3858908885845729,0.309090501504509,0.7307373036966915,-0.49834719494913804,-0.07681599525129612,0.30074261038229316
-0.7268955332086768,0.3298583612691203,-0.18233293921293814,-0.5362353652560872,-0.9853193300192575,-1.0,-0.698148201536595
0.706316936074074,-0.21413902621058745,-0.9468443867596535,0.8571340447776002,0.6975286450902302,0.42965406694135333,-1.050459092496892
-1.0,-0.7646012920810539,-0.01907657126103468,-1.0,-0.5178683364685883,0.984678014119292,-1.796037452016869
1.0,-0.429725411962823,0.24926379620708516,-0.09659272034025046,-1.0,-1.0,9.307845213527136
-0.0013673564130702864,-0.17144469894251185,-1.0,-0.3510886344021879,0.10262159022849349,0.367181770234587,0.3059056545339838
0.6170077117614907,-0.4239785661932833,-0.11221690948891408,0.04891776696945194,1.0,1.0,1.2816695357965613
-0.9341490454944908,0.20373758503990688,-0.2107273991445,-0.4336142687521247,-0.9677109396806647,1.0,0.6040538375787993
-1.0,0.5536166129099942,-0.173954495666645,0.4221431347453565,-0.22699236178387133,-0.5359956681197887,-0.06158060335511953
-0.15793461907548878,0.20199609319994172,-0.695873360132924,1.0,-1.0,-1.0,1.7695403521957407
-1.0,-0.06530055315177252,-0.2967946096012235,-0.8356867138576582,0.3042115039207349,0.05134510528530134,0.3292016884881776
-1.0,-1.0,0.2683171303672952,-0.40299953837570307,-0.6069000852285977,-0.8412586545665978,3.1998441066569465
-0.39422102470377846,0.3789077204836958,-0.054019079389678204,0.8149741268233794,-0.5718582456248743,0.4045841014702557,-0.3171008068924748
-0.38346756235596,-0.8057491677550941,0.19800839296095246,0.528869931915303,0.18367980461364541,1.0,1.308363302508875
1.0,0.8958338266154418,0.6944921745074573,1.0,-1.0,-1.0,10.300941551001229
0.04212266387046815,1.0,0.7253853484665658,0.8251548622907212,1.0,1.0,-1.6271925047595794
-1.0,-0.0630726971848583,-1.0,-1.0,-1.0,-1.0,1.4254411470191461
-1.0,-1.0,-0.6733498556285104,0.6545905559483187,0.5282715385116648,-0.6899414291981378,-1.2066555012806652
1.0,1.0,0.7278684377234468,1.0,-0.12155360418861319,0.2922116870752547,-1.105208790720157
0.16595876342518512,1.0,1.0,0.3584807485053985,0.8542348645172906,-0.09548366351041804,-2.894312369916215
-1.0,-0.19168114808244474,0.12879149804417672,-0.7875598814925862,-1.0,-0.35223139066328923,-1.844469431210441
-0.04831351551237195,-1.0,-1.0,-1.0,0.5922864641589348,0.2394771351213891,-5.437242412098942
0.2761059477909902,1.0,0.6472752460618507,0.036036860890646505,-1.0,-0.2470040733507521,-1.793763788882787
0.09427210935250041,0.21163671133109152,0.25127888326740566,-0.27050121365620283,-0.5816858374758272,1.0,3.444631212081562
-0.4662185287515911,-0.8340822697304132,0.6148807291490308,-0.48060300577463094,1.0,1.0,2.044645983962303
-0.5438447067931853,1.0,0.5809454631573087,1.0,-0.021899900749537515,0.8199656793321686,-3.985082920250732
0.4585840897728032,0.08001097445962108,1.0,-0.6301217308277725,-1.0,0.2674395862036251,0.6931204600063242
-0.11603293640230117,-0.791892300962691,-0.6312769039028949,-1.0,-0.02146437711976723,0.2888442068794584,-1.178491625187902
0.3132235757953358,-0.12422207080729719,-0.4245137888500605,-1.0,-1.0,-0.6943856921228471,2.2117544293052234
-1.0,-0.20336868809754005,-1.0,-0.1899087130604753,-0.4185707818112947,0.8060257189546864,3.423344672363775
-0.03134729474115433,1.0,-0.7419488386338058,0.005708445405448903,-1.0,1.0,9.64856393029586
-0.7993152848369018,-0.770499105831908,1.0,-0.2132120292396316,1.0,-0.9962162675627204,5.289138423303396
-0.8404600599223545,-0.23357990374176058,0.09554902031956225,0.8706295873530232,0.13714065343415002,-0.7603393195184349,2.3713438799581095
-0.5078774224800575,0.04567959613269451,-1.0,0.17034858732753744,0.03385156253715865,1.0,7.989270970985175
0.7410045859671359,-0.8019301883788099,-0.7777763803857647,0.6073475613649697,0.3579594411070148,0.6005065393347097,0.40495976041400183
-0.8684108730296419,0.635605728118831,0.17135106247212117,1.0,-1.0,0.09177980942375863,-1.3420191413374383
0.13754601401484223,-0.7216952746474083,-1.0,-0.6113547840473821,1.0,0.1555693434577683,-2.1556114928585557
-0.7353531449265502,-1.0,-0.30706954017551424,-0.11117385826272774,0.6932126109257637,1.0,3.4472717847746175
-0.7784914326463178,0.5923159623827535,-0.270420246010325,-0.5653706191322616,-0.2581702884250461,-1.0,0.8816754167087275
-1.0,-0.14419648267421947,1.0,-1.0,-0.42255247804232,-0.3808729425963282,-0.980146307447241
0.15682125791796353,-1.0,-0.7071579521982554,-0.5669771893913055,-1.0,0.07350789399706592,0.9008909776624359
-0.24179316369688264,-0.8340095808406234,-1.0,-0.8034887002585711,0.5004985135608441,1.0,1.7968524942045963
0.19516771543841843,0.21924716736695538,0.2007422862290391,1.0,0.3097304205890162,0.7593274093496336,1.0147986012932384
0.17333139299879585,1.0,1.0,1.0,-0.1295674605636094,0.2953430240475293,-4.523498989786371
-0.46559268230617523,-0.9766342815745443,0.03143914367291767,-0.7111631652544294,0.8938130537714049,-1.0,7.497956638097764
0.48224086272472644,0.6760825209190631,-0.8051106205851265,-1.0,1.0,0.16851438162671073,1.9015930562409367
0.5968495118827891,0.6756297072284232,-0.6174461681359871,-0.6948412529539136,0.5954499022993858,1.0,4.960263506307505
1.0,0.2501741761665419,0.2605583660284627,0.2549065041553573,-0.8337795799051081,0.6417892134561316,2.89586396559462
0.4168915379599444,0.5149382688388068,0.848230060379477,-0.6182520064445715,0.4437499524969506,-0.6775292027422926,-0.5381598634767886
-1.0,-1.0,-0.5638243136721366,-1.0,-0.4876397523537659,-0.6678569447404568,0.6725658250265425
-0.8514195755263083,-0.42764263839918915,-1.0,-1.0,-0.8572224362504367,-1.0,3.5158781626818465
1.0,-0.3063023391511841,0.9122305609892432,1.0,0.672923436642721,-1.0,-1.199869877449346
-0.3489856008159015,-0.4071236164439197,-1.0,-0.7536652609708892,0.06903969134195931,-1.0,4.222996073629995
-1.0,-0.9281155323182646,-1.0,-1.0,-1.0,-1.0,3.5735707054344767
-1.0,-1.0,-1.0,-0.1823044828321312,1.0,-0.4485849515326842,-3.947807898719513
-1.0,0.18209470631654112,0.9241616124788701,0.33600311468905836,-0.08128823738352908,-0.6115607759944439,2.2201085088395995
-0.8529169603684158,-1.0,-0.009432415702368913,-1.0,1.0,0.9264214832826103,1.8863059560873774
-0.6038890243989663,0.1596515410085,0.3943196880042237,0.6335790981247362,0.7655759602417982,0.12837299170247252,1.9659195308667625
-0.26446923186560056,-1.0,0.9943972004804029,-1.0,-1.0,0.7846614414109312,3.0452535841543957
-0.09965938180961609,-1.0,-1.0,-0.34774741774695483,-0.41853294585893097,-0.5953767690408057,-1.8409946809970414
-0.067262523038494,0.010590512077849668,-0.1967669734715085,-0.3220582900217012,-0.1882922985704173,-0.7030534209458916,0.6556494551729039
-0.006602087785324007,-0.3756890629481423,0.8881928533131622,0.7930666815694607,0.37324021315929906,-0.7425401640182818,0.9759056964931404
-1.0,-1.0,-0.9461495955712058,0.8524090758722825,-0.6145576065635567,-0.9067939306808503,-3.0186081074490247
0.6247508681967257,1.0,0.2978735120537319,0.37843899315403484,0.07163400326047675,1.0,2.0581266319515117
-0.34365574570836555,-1.0,0.20797742297086497,-0.2088826120030094,-0.9669312118964581,-0.33427012118427735,0.8005681498045719
1.0,-0.1599289995014892,1.0,0.32470778323269556,-0.37384700425312817,0.02851255728138269,2.7273412762099287
1.0,0.8678073088772856,1.0,0.295932326377898,-0.9865225298588575,0.795033603704478,1.0818299325012197
-1.0,-0.45176109652146346,-1.0,0.3308591266347671,0.9583743248371454,-1.0,4.282784067819106
1.0,-0.23823867186509134,-0.022545583479382902,-0.005499211130474135,-0.6379641554675013,-0.005404253286747096,1.7187887264323463
0.8249343805215412,-0.42069190235930914,0.6181084287391816,-0.011764812144922171,-1.0,-1.0,7.743393325662904
-0.47849194618267266,-1.0,0.17643945227076852,0.6312065612714546,-1.0,-0.060280658423701006,-0.4071832061635733
0.6669271450599388,1.0,-0.30480208118783725,-0.14411791072020627,-0.011046107112507864,-0.0648543698592044,0.5198301281906227
-1.0,-0.6469481216036187,-0.8368202038963222,-1.0,-1.0,-1.0,4.215761718016118
0.026641071634246005,1.0,0.7873950949946811,1.0,0.04062203410473253,0.05310120939082785,-2.9903014379122053
-1.0,-0.8602288171376872,-0.8697154440866907,-0.7852441574293155,-0.5384890066691452,-1.0,3.0987409055519914
0.1596216405957661,-0.008521187116342647,-0.4031756747765879,-0.24085481047805893,1.0,1.0,4.265239845217225
-0.02060004056840048,0.6735536824605952,-0.17913425893171575,0.3013299718688748,-0.09322250026171264,-0.7444451421610261,1.2284243798748902
0.4009872091942812,1.0,1.0,0.8086278935756768,1.0,0.20888246096755925,-5.758393038328904
-1.0,-1.0,-0.3636867556603349,-1.0,0.3763559862560989,-0.1519378492848894,-1.5520923706353678
1.0,1.0,0.4589849897333149,0.014154086144566147,-0.40750207534194516,-0.9049900195631163,2.6888939252863344
-0.297022084227737,0.10543962325811118,-1.0,-1.0,0.005532940402787789,-0.7204193611794748,-0.01606510739967626
-0.7537978057540692,1.0,-0.1915271278054327,1.0,0.5046849488272702,1.0,2.6521794151206883
0.9393764465751768,-0.0908926675816211,0.7083154152401678,-0.6971181063851281,-1.0,-0.005083337501633589,4.150439824426809
-0.822945805648731,-0.4541598010342218,1.0,0.24642092135962834,-0.8080737919202106,0.7150619969133991,-4.830233705722757
-0.656843819333524,-0.600763387058528,0.20427394831150258,-0.6126840403663432,0.3392321056940606,0.5022309451019058,-0.2601525748646583
-0.5850571341940141,-0.4717390903721642,-1.0,-1.0,0.0380330658245831,1.0,3.8399665690772977
-0.8640143107168832,0.4111969995226285,-0.17696522757443767,-0.2241399984508725,0.5856352033293226,-0.1514556104072945,0.6905441853368535
0.8630017887917744,-0.3701039161737611,-0.001447001132672543,-0.2605067417924718,-1.0,-0.9834572187344589,6.6149378193381665
-0.30003107378460625,0.40849289554593793,-0.19395290254810052,-0.9469941759149643,-0.2685664726221408,-1.0,0.48342639922522335
1.0,-0.023434178646239034,0.7076930461957287,0.27327376688469174,1.0,1.0,-2.1103092910508234
-0.3876600686350509,0.04017617416201824,1.0,-0.97806585874898,0.871580338769753,1.0,-1.0298039094560432
-0.1486826776144936,-0.04413914212492043,-0.5965777257571507,-1.0,-0.8539621592108704,-0.18141374460015447,0.36556434027101553
1.0,0.6960055293825368,0.9652396391374319,-0.5020655027791783,1.0,1.0,-3.4707516038251174
0.3242607276788358,-1.0,1.0,-0.6548299043755575,1.0,0.13836221160138273,-0.6677119825162408
0.5806366111492199,-0.4730616013591187,-1.0,-0.21804939902628573,1.0,0.28126251286772974,-2.91572641952422
-0.7073721914737477,-0.1429752271689616,-0.8935684889088324,0.2577673379904474,-0.9524221702805866,0.142164225967078,-1.9909110533067302
0.10484581163358042,0.2838938262852214,-0.9079616347091456,-0.8670565344733715,0.6687643482583966,0.8673884419311404,4.4817030838496965
1.0,0.8591857693256637,-0.33784617990876864,0.7260134887731757,0.13107169550228254,-1.0,4.545865656657411
1.0,0.5204815715185058,0.057232423320018516,0.03284541855876277,1.0,0.17810137290553696,-2.538630771610703
0.48151061184729405,1.0,0.012253450208168482,1.0,0.7931632373511642,0.11734982269876287,-2.143747752930797
-0.13487124984685503,-0.8009179499651836,-0.3596972703447183,0.25038261578213405,-1.0,-1.0,1.1566387130312823
0.09163994429188024,-0.025083633989775533,-0.9875958078071407,-0.6917159594289297,0.9614128110310148,1.0,5.9362013501073125
0.2744298938974059,-1.0,1.0,0.4202905481701253,0.6098043369202504,1.0,0.6113845077005795
1.0,1.0,1.0,1.0,0.6703014246517047,0.11988988397576048,-7.1982661645670625
1.0,-0.6814758912786897,-0.4186549503841928,0.7628768341684596,1.0,1.0,0.6483129852092945
0.12924487142811325,-0.4947322304336573,0.6358551300296673,-1.0,-0.15737485473759705,-0.6819181344581671,2.4263135175836323
-0.09131166768615817,-0.7092057682002157,-0.27580343914007754,-0.3683141834818784,-0.44723922822269513,1.0,1.4982169004711732
0.31757332381259995,0.33451874037289864,0.7359797699786178,-0.11351141562933709,-0.09049231701969529,-0.1952443592942994,0.22391777160335324
-1.0,-0.29136906805037777,-1.0,-0.3018445479459876,0.400342279493036,-1.0,7.222111117871856
-0.5551707457094657,-0.8579015235916299,-0.9101614699842407,-1.0,-0.09713949524751514,0.5407232141995177,-3.7819401263022288
-0.4952535071933474,-1.0,-0.5415038178994358,0.9705736106891106,0.4203339533152507,0.6062184000844026,-0.8048925211006925
-0.3221442317393833,-0.19114918583143115,0.7048214562149978,0.6386783702934782,0.386508991893031,-0.9428707043479887,2.4112918035638504
0.8863136120342638,0.06129795072626454,-0.06270485232040512,0.3125486572332324,0.7565490739883838,1.0,1.2289953354097123
-0.552029702261852,-0.46913418430204845,-1.0,-0.6060962098523948,0.566024398231568,0.9856336201856221,5.890161045740505
1.0,0.41386276791633647,1.0,1.0,-0.09988503131461068,0.38964719706424955,-1.8238070681508582
0.043145675186885724,-0.23977034279471,0.8323033670594364,-0.9358853726760845,1.0,0.7909854423274729,-0.6522462002638022
-0.591513632843045,-0.0626081646416945,-1.0,-1.0,-0.1421940687018366,-0.29702308086187856,-1.2871620762867957
0.5546991944878613,0.09356234183288914,-0.9610799395193131,0.4287181202308509,0.43816729026161355,-0.1009866563343238,-1.1945005510784064
-0.05940630655331319,0.06837112784077505,-0.20765445502493385,-0.518404277942278,-0.5935041473776158,-0.43326335711658825,-0.5018391695205766
-1.0,-1.0,0.8195986218225483,-0.2564899021658712,1.0,-0.6410143765919697,6.174824700402791
-1.0,-0.2075884705280413,-0.40120308366363666,-0.543014957326378,-0.01363289278072688,0.5964265990098929,0.5181900397047455
1.0,0.20968082046265835,1.0,-0.41386068197466236,0.06536072439808005,0.021121025542133243,-0.49307311823643174
0.8434903353096772,1.0,0.27193767182817874,0.7695042720320642,-0.675704102488903,0.8549660451368081,3.5932968709965376
-0.5287824658379824,-0.13569826099082782,0.43197014447932214,1.0,0.6150329232128791,1.0,2.8572230204306432
-1.0,-0.4125877847684889,-0.905291754626605,-0.3219223514363847,1.0,0.4556027313007367,0.28856405843872246
-1.0,-1.0,-1.0,-1.0,0.3225399153123818,-0.56836530606839,-3.5757727618034494
0.2609859273265359,-1.0,-0.6213985634233508,-1.0,-0.9434706188580846,-0.1400458369120462,4.197480363181638
0.4334623032975428,-0.0879372605039408,0.4168799133344081,0.960064329179817,0.08947255749396549,-1.0,2.4633407268847716
-0.17420584254145677,0.20010123770891364,-0.09762178635303198,-0.7314444505006791,-0.3722821024499192,-1.0,2.293579983209111
0.5915942238262872,-0.9347784818213802,1.0,-0.9947651200567558,0.9508190324964727,1.0,-7.269031151183247
1.0,0.2326777547102839,-0.678827462579884,-0.8383031583698527,-0.08093756277045513,0.1301044313780043,0.28223111499606374
1.0,-0.30659246054247397,1.0,1.0,1.0,0.16786291123978625,-6.143398015829592
0.47016853201143904,-0.7811457921951914,0.0814891123758022,0.30255308461710184,-0.6647534894196307,-0.41230542967879613,1.8344891103507528
0.2474848540666878,0.22705932534539075,-0.7260287513332776,1.0,0.8718464684810905,-0.6059493273623846,-0.2100766607123843
-1.0,-0.4745635869020497,-1.0,-1.0,1.0,0.044557177607600584,-2.7366244700001636
0.16188177429579384,-0.7748685031395713,-0.771501211279942,0.32677863858455963,1.0,1.0,4.662367342768966
0.9816837235291891,0.5846260034070079,0.7037994238099975,-0.19978326989826223,-0.15285362596825602,-0.8156142171049953,3.1474352522255753
-0.20749928190768913,-0.4703208677215182,-0.26923507353740195,1.0,-1.0,-0.6969683648495321,0.9284125953177373
0.2619964194924158,1.0,0.8809972548701971,0.6418743943653731,0.5432687561020677,1.0,-2.3163267123602767
0.1705825894573706,0.33417315220312377,-0.0284054503701614,0.48185940315164977,-0.2643850717497107,-0.40326618062329284,0.7738849618116679
1.0,0.5585524786949276,1.0,0.36969845867786555,0.20299118075985945,-0.965386052090684,1.430136510027877
0.38882158700305025,-0.511237251550219,-0.5069553399999431,-1.0,0.1526165027837978,0.5934050731899889,-0.7646933938458409
-0.47745839175228577,-1.0,-0.1441450738900084,-0.9860439031978449,1.0,0.011968116436412046,1.2885658298289209
0.5805541204989217,0.6816503744378324,0.9761337761840945,1.0,-0.3653147885581965,1.0,-3.406397367499085
-0.17509356421921213,0.547459220417812,-1.0,0.39119465181953683,0.622146427152041,-0.5415847000065812,0.8669417415561068
0.0974450217652909,-0.6563467020802612,-0.7456888171416904,-0.5448845211900695,-0.4776237936474166,1.0,4.688056027511589
-0.11688084490387435,0.4191244777688603,0.03984267650265905,0.8071162831651504,-1.0,-1.0,2.4217469668554963
0.6368371505919603,1.0,-0.05858714442927213,-0.49616991578159153,0.5996632770133874,0.030696735043045043,-0.563358551537313
-0.6759828848296154,-0.5746574169326653,-1.0,-0.9881335720067641,0.07931099430660316,1.0,2.3471545833525047
-0.980887890982796,-1.0,1.0,0.41829952172483004,-0.939872400936212,0.8130361663538869,-4.022087147906308
0.003202971319663961,0.5460136364741593,0.7715635316723791,0.42898639968025354,-0.36775741935448103,-0.5407411491543246,0.50028158664429
-0.4879970918407952,-0.5111894742115615,-0.6865350239804373,-1.0,-1.0,-0.5127022105786067,1.8949549738522362
-0.268104240589806,0.4983338009735861,-0.21890043594522363,1.0,1.0,0.8701682944636344,4.339556227756484
1.0,0.15490554904934983,0.7264617540440395,0.45691518155482697,-0.357119941910196,-0.5332141643104149,3.4749361665566165
-1.0,-0.8902263231952583,-0.5481954169093544,-1.0,0.5298001140477412,0.5677049271842334,-2.0586059602527538
-0.10307082180023908,-1.0,-0.6456282396065436,0.0037196284698384208,-0.4244640258700779,-0.02112725744946009,-1.8719985169722455
-1.0,-1.0,-1.0,1.0,-0.9480466029903508,0.0927835840885788,-8.155103096255532
0.9497838552640305,0.5798186908186014,0.9265673705849594,1.0,1.0,1.0,-5.487117471089716
0.08580817957837242,-0.4772148288753598,-0.7769132791067588,-1.0,0.004264414137122086,-0.8175159646970039,1.4060729492607265
-0.3697745906219845,-1.0,-1.0,-1.0,1.0,-0.1882152132902486,-4.682406074774744
0.8771534983823202,1.0,1.0,1.0,-1.0,0.35233912927855016,2.1390496037461
0.3533456477322424,-0.8022116212752921,-0.8551441404106465,0.6297354298612291,-0.6601168638970584,-0.9638629831265482,1.5682665930534252
-1.0,-1.0,1.0,0.7566834147231303,-0.3832223876482037,-0.08854168327182643,0.825275319611902
0.4223550589085421,0.008765549076981738,0.2256909196353174,-0.5888850982304676,-0.6341757382881046,-1.0,4.985118391574817
0.38579464672421127,-0.08761502623656658,-0.17461886372683322,1.0,-0.5042110625524188,-0.5273315684702481,0.90116217944559
-1.0,-1.0,-1.0,-1.0,0.2698719195740784,-1.0,3.0065391027554336
-0.9835449842381234,-0.7395675095819527,-1.0,-1.0,0.49401319358367,0.9764539199184377,1.237485079343613
-0.6417673028281868,-0.7862428523768928,-0.5568406697332877,-1.0,-0.6525885531617813,-0.6077317630855954,1.0925282225064243
-0.25540150600781186,-1.0,-0.8642500151097225,-1.0,-1.0,-0.028592634752337573,1.4833652808661077
1.0,0.4389392163384884,0.8440661362126229,1.0,-0.4250349449041607,-0.29243371036448834,1.469432724637412
-1.0,-0.15153073932680128,-0.7288808883389222,-0.015850242180204033,1.0,0.32478475039001176,-0.7838151549372385
1.0,1.0,1.0,1.0,0.9161105831099484,0.6788536448556415,-8.968609759095303
-0.7458095634187509,0.48427604003526903,-0.30893216620754527,-0.5033476897065647,-0.7446861045458661,-0.4130100164251618,-1.7732702110309486
0.28340865290564343,0.1556289904941507,1.0,0.6304996424719091,0.8059625341199697,0.23707368385004335,-2.258717396268556
-1.0,-0.5432171783106764,-0.8081031237212246,-0.9256134279072303,0.11379441555484338,0.4216088926958994,-1.3459192048105604
-0.36328376386772954,-0.6458802052146242,0.468045838231383,-1.0,-1.0,-1.0,4.172431347518998
-0.0011793947105696381,-0.6354718288979124,-0.18381193514149957,0.5620184155877703,-0.6795867406772296,0.6589391624743017,1.6773709439267472
0.024722251653643862,-0.0859899058339591,0.6042671850680608,0.4823424290948706,-0.06492801858392871,-0.9280428419110083,1.8971867499310806
0.04871553341714252,1.0,-0.00877095417753987,0.49610405442049577,0.7504627933585482,0.5933552151350572,1.5138871167104992
0.5949907871894131,-0.5028247324935382,1.0,1.0,0.2957486714611588,1.0,-2.476266929465148
-0.8833062901249454,-0.7536522616273711,-1.0,0.07274045813507346,-0.943367862159428,1.0,3.632010481453284
1.0,0.16575667280637768,-0.26918642743862575,1.0,1.0,0.3945711092981423,-1.976892770097888
1.0,1.0,0.3144020353857446,0.7592625874771894,-0.796038424582483,-0.22129549101477317,3.1666842108678663
-0.9020217527633755,-0.28346037466157237,0.35255969329742337,0.5428367087918852,0.24449515366995894,-0.23475630281726922,0.8611868700409339
1.0,0.6377642572658664,1.0,0.9466232599833907,-0.4908548988286392,-0.22981186090158193,2.269987821518028
-0.5119429680048899,-0.031948574796348383,-1.0,-1.0,-0.36695238962037435,-1.0,2.5430075493633035
1.0,1.0,0.6722445820481223,1.0,-0.33996692491537495,-1.0,6.725409750093447
